,recipe_urls
0,https://cuisine-facile.com/desserts/recette-baba-au-rhum.php
1,https://cuisine-facile.com/trucs_astuces/recette-comment-eplucher-monder-des-pistaches.php
2,https://cuisine-facile.com/entrees/recette-coleslaw-breton.php
3,https://cuisine-facile.com/four/recette-croissants.php
4,https://cuisine-facile.com/divers/recette-pates-dimanche-soir.php
5,https://cuisine-facile.com/desserts/recette-mousse-aux-2-chocolats.php
6,https://cuisine-facile.com/base/recette-pate-damande.php
7,https://cuisine-facile.com/trucs_astuces/recette-comment-preparer-de-la-dorure.php
8,https://cuisine-facile.com/viandes/recette-filet-mignon-comme-involtini.php
9,https://cuisine-facile.com/base/recette-beurre-noisette.php
10,https://cuisine-facile.com/entrees/recette-allumettes-foie-gras.php
11,https://cuisine-facile.com/entrees/recette-artichauts-poivrade.php
12,https://cuisine-facile.com/entrees/recette-asperges-en-petits-pois.php
13,https://cuisine-facile.com/poissons/recette-avocat-saumon-gravlax.php
14,https://cuisine-facile.com/entrees/recette-avocat-au-thon.php
15,https://cuisine-facile.com/entrees/recette-avocat-aux-crevettes-sautees.php
16,https://cuisine-facile.com/entrees/recette-bouchees-italienne-de-seb.php
17,https://cuisine-facile.com/entrees/recette-bouchees-fumees.php
18,https://cuisine-facile.com/entrees/recette-bouillon-leger-aux-brocoli.php
19,https://cuisine-facile.com/entrees/recette-canapes-facon-bistrot.php
20,https://cuisine-facile.com/entrees/recette-celeris-remoulade.php
21,https://cuisine-facile.com/entrees/recette-celeris-remoulette.php
22,https://cuisine-facile.com/entrees/recette-cervelle-de-canut.php
23,https://cuisine-facile.com/entrees/recette-choux-de-bruxelles-en-salade.php
24,https://cuisine-facile.com/entrees/recette-cocktail-nordique.php
25,https://cuisine-facile.com/entrees/recette-comme-boursin-ail-fines-herbes.php
26,https://cuisine-facile.com/entrees/recette-crackers.php
27,https://cuisine-facile.com/entrees/recette-crackers-au-pesto.php
28,https://cuisine-facile.com/entrees/recette-creme-de-chou-fleur-au-haddock-fume.php
29,https://cuisine-facile.com/entrees/recette-creme-foie-gras.php
30,https://cuisine-facile.com/entrees/recette-croquant-choux-fleur-citron.php
31,https://cuisine-facile.com/entrees/recette-croque-monsieur.php
32,https://cuisine-facile.com/entrees/recette-croustillant-fromage.php
33,https://cuisine-facile.com/entrees/recette-endives-rouges-en-amuse-bouche.php
34,https://cuisine-facile.com/entrees/recette-feuilletes-jambon-en-escargot.php
35,https://cuisine-facile.com/entrees/recette-flutes-feuilletees-aux-olives.php
36,https://cuisine-facile.com/entrees/recette-foie-gras-cuit-gros-sel.php
37,https://cuisine-facile.com/entrees/recette-foie-gras-terrine-fait-maison.php
38,https://cuisine-facile.com/entrees/recette-fonds-dartichauts-forestiers.php
39,https://cuisine-facile.com/entrees/recette-gougeres.php
40,https://cuisine-facile.com/entrees/recette-guacamole.php
41,https://cuisine-facile.com/entrees/recette-houmous.php
42,https://cuisine-facile.com/entrees/recette-houmous-vert.php
43,https://cuisine-facile.com/entrees/recette-jambon-a-la-russe.php
44,https://cuisine-facile.com/entrees/recette-langoustines-grillees-sesame.php
45,https://cuisine-facile.com/entrees/recette-mini-toasts-fromage-et-moutarde.php
46,https://cuisine-facile.com/entrees/recette-mousse-davocat-crabe-verrine.php
47,https://cuisine-facile.com/entrees/recette-mousse-betteraves-crues-noix.php
48,https://cuisine-facile.com/entrees/recette-noix-de-cajou-grillees-aux-epices.php
49,https://cuisine-facile.com/entrees/recette-oeuf-arsene.php
50,https://cuisine-facile.com/entrees/recette-oeufs-coque-surprise.php
51,https://cuisine-facile.com/entrees/recette-oeufs-benedict.php
52,https://cuisine-facile.com/entrees/recette-oeufs-cocotte-francaise.php
53,https://cuisine-facile.com/entrees/recette-oeufs-cocotte-comte.php
54,https://cuisine-facile.com/entrees/recette-oeufs-cocotte-epinards.php
55,https://cuisine-facile.com/entrees/recette-oeufs-cocotte-poulet-et-epinards.php
56,https://cuisine-facile.com/entrees/recette-oeufs-caille-boutonniere.php
57,https://cuisine-facile.com/entrees/recette-oeufs-caille-canapes.php
58,https://cuisine-facile.com/entrees/recette-oeufs-fumes.php
59,https://cuisine-facile.com/entrees/recette-oeufs-mayonnaise.php
60,https://cuisine-facile.com/entrees/recette-oeufs-mimosa.php
61,https://cuisine-facile.com/entrees/recette-pain-tomate.php
62,https://cuisine-facile.com/entrees/recette-pan-bagnat.php
63,https://cuisine-facile.com/entrees/recette-petites-madeleines-salees-aux-2-fromages.php
64,https://cuisine-facile.com/entrees/recette-petites-omelettes-legumes.php
65,https://cuisine-facile.com/entrees/recette-petits-feuilletes-foie-gras.php
66,https://cuisine-facile.com/entrees/recette-petits-legumes-croute-lislandaise.php
67,https://cuisine-facile.com/entrees/recette-petits-roules-lardons-fromage.php
68,https://cuisine-facile.com/entrees/recette-poireaux-vinaigrette.php
69,https://cuisine-facile.com/entrees/recette-pommes-dauphines-jambon-serano.php
70,https://cuisine-facile.com/entrees/recette-potage-barry.php
71,https://cuisine-facile.com/entrees/recette-potage-navets-puree-sesame.php
72,https://cuisine-facile.com/entrees/recette-potage-celeri-et-persil.php
73,https://cuisine-facile.com/entrees/recette-potage-celeri-et-sesame.php
74,https://cuisine-facile.com/entrees/recette-potage-cremeux-legumes-hiver.php
75,https://cuisine-facile.com/entrees/recette-potage-automne-potimarron-celeri.php
76,https://cuisine-facile.com/entrees/recette-potage-topinavet.php
77,https://cuisine-facile.com/entrees/recette-potages-de-fanes.php
78,https://cuisine-facile.com/entrees/recette-presse-legumes-frais.php
79,https://cuisine-facile.com/entrees/recette-puree-topinambours-foie-gras.php
80,https://cuisine-facile.com/entrees/recette-quiche-saumon-epinards.php
81,https://cuisine-facile.com/entrees/recette-ramequins-pommes-duchesse.php
82,https://cuisine-facile.com/entrees/recette-sables-cajou-et-parmesan.php
83,https://cuisine-facile.com/entrees/recette-sacristains-saumon-fume.php
84,https://cuisine-facile.com/entrees/recette-salade-au-concombre-avocat-et-moules.php
85,https://cuisine-facile.com/entrees/recette-salade-chou-fleur-et-oeufs-durs.php
86,https://cuisine-facile.com/entrees/recette-salade-chou-fleur-et-pois-chiche.php
87,https://cuisine-facile.com/entrees/recette-salade-chou-fleur-poulet-et-avocat.php
88,https://cuisine-facile.com/entrees/recette-salade-citronnee-de-choux-et-pommes-de-terre.php
89,https://cuisine-facile.com/entrees/recette-salade-concombres-tomates-muticolores.php
90,https://cuisine-facile.com/entrees/recette-salade-cornouaillaise.php
91,https://cuisine-facile.com/entrees/recette-salade-cretoise.php
92,https://cuisine-facile.com/entrees/recette-salade-croquante.php
93,https://cuisine-facile.com/entrees/recette-salade-croquante-printemps.php
94,https://cuisine-facile.com/entrees/recette-salade-croquante-radis-et-carottes.php
95,https://cuisine-facile.com/entrees/recette-salade-cubique.php
96,https://cuisine-facile.com/entrees/recette-salade-asperges-blanches.php
97,https://cuisine-facile.com/entrees/recette-salade-avocat-artichaut-poulet.php
98,https://cuisine-facile.com/entrees/recette-salade-endives-a-la-comtoise.php
99,https://cuisine-facile.com/entrees/recette-salade-endives-comtoise.php
100,https://cuisine-facile.com/entrees/recette-salade-endives-croutons-fromage.php
101,https://cuisine-facile.com/entrees/recette-salade-endives-et-brocoli-du-cap.php
102,https://cuisine-facile.com/entrees/recette-salade-endives-rouge-de-bistrot.php
103,https://cuisine-facile.com/entrees/recette-salade-epinards-frais.php
104,https://cuisine-facile.com/entrees/recette-salade-de-betteraves-a-la-polonaise.php
105,https://cuisine-facile.com/entrees/recette-salade-de-betteraves-aux-noix-de-cajou.php
106,https://cuisine-facile.com/entrees/recette-salade-betteraves-crues.php
107,https://cuisine-facile.com/entrees/recette-salade-betteraves-poulet-grille.php
108,https://cuisine-facile.com/entrees/recette-salade-de-betteraves-et-radis-noirs.php
109,https://cuisine-facile.com/entrees/recette-salade-de-betteraves-facon-bistrot.php
110,https://cuisine-facile.com/entrees/recette-salade-cervelas.php
111,https://cuisine-facile.com/entrees/recette-salade-de-chou-bistrot.php
112,https://cuisine-facile.com/entrees/recette-salade-de-chou-fleur-haricots-rouges-et-avocat.php
113,https://cuisine-facile.com/entrees/recette-salade-chou-rouge-ciboule.php
114,https://cuisine-facile.com/entrees/recette-salade-de-chou-rouge-aux-amandes-torrefiees.php
115,https://cuisine-facile.com/entrees/recette-salade-de-chou-rouge-de-nanou.php
116,https://cuisine-facile.com/entrees/recette-salade-de-chou-fleur-bicolore.php
117,https://cuisine-facile.com/entrees/recette-salade-de-courgettes-croquantes-et-champignons.php
118,https://cuisine-facile.com/entrees/recette-salade-feves-amandes.php
119,https://cuisine-facile.com/entrees/recette-salade-haricots-vinaigrette.php
120,https://cuisine-facile.com/entrees/recette-salade-de-jeunes-courgettes.php
121,https://cuisine-facile.com/entrees/recette-salade-de-lentilles-cajun.php
122,https://cuisine-facile.com/entrees/recette-salade-lentilles-viande-froide.php
123,https://cuisine-facile.com/entrees/recette-salade-mache-croutons.php
124,https://cuisine-facile.com/entrees/recette-salade-de-paimpol.php
125,https://cuisine-facile.com/entrees/recette-salade-de-pois-chiche-a-la-libanaise.php
126,https://cuisine-facile.com/entrees/recette-salade-pois-chiche.php
127,https://cuisine-facile.com/entrees/recette-salade-de-riz-et-brocoli-du-cap.php
128,https://cuisine-facile.com/entrees/recette-salade-de-riz-et-epinards-frais.php
129,https://cuisine-facile.com/entrees/recette-salade-de-roscoff.php
130,https://cuisine-facile.com/entrees/recette-salade-de-souda.php
131,https://cuisine-facile.com/entrees/recette-salade-de-topinambours.php
132,https://cuisine-facile.com/entrees/recette-salade-valay.php
133,https://cuisine-facile.com/entrees/recette-salade-grand-mere.php
134,https://cuisine-facile.com/entrees/recette-salade-grecque.php
135,https://cuisine-facile.com/entrees/recette-salade-hollandaise.php
136,https://cuisine-facile.com/entrees/recette-salade-indienne.php
137,https://cuisine-facile.com/entrees/recette-salade-julia.php
138,https://cuisine-facile.com/entrees/recette-salade-lyonnaise.php
139,https://cuisine-facile.com/entrees/recette-salade-melangee.php
140,https://cuisine-facile.com/entrees/recette-salade-melangee-concombre-saumon.php
141,https://cuisine-facile.com/entrees/recette-salade-melangee-de-printemps.php
142,https://cuisine-facile.com/entrees/recette-salade-melangee-gros-radis-et-avocat.php
143,https://cuisine-facile.com/entrees/recette-salade-mexicaine.php
144,https://cuisine-facile.com/entrees/recette-salade-croquante-crevettes.php
145,https://cuisine-facile.com/entrees/recette-salade-multi-tomates.php
146,https://cuisine-facile.com/entrees/recette-salade-nicoise.php
147,https://cuisine-facile.com/entrees/recette-salade-paysanne.php
148,https://cuisine-facile.com/entrees/recette-salade-petits-pois-et-avocat.php
149,https://cuisine-facile.com/entrees/recette-salade-piemontaise.php
150,https://cuisine-facile.com/entrees/recette-salade-piemontaise-verte.php
151,https://cuisine-facile.com/entrees/recette-salade-poulet-avocat.php
152,https://cuisine-facile.com/entrees/recette-salade-radis-et-champignons.php
153,https://cuisine-facile.com/entrees/recette-salade-radis-et-poulet-au-citron.php
154,https://cuisine-facile.com/entrees/recette-salade-tahitienne.php
155,https://cuisine-facile.com/entrees/recette-salade-tiede-brocoli-thon.php
156,https://cuisine-facile.com/entrees/recette-salade-tiede-de-haricots-blancs.php
157,https://cuisine-facile.com/entrees/recette-salade-tiede-lentilles.php
158,https://cuisine-facile.com/entrees/recette-salade-tiede-pommes-terre-artichauts-violets.php
159,https://cuisine-facile.com/entrees/recette-salade-tiede-poulet.php
160,https://cuisine-facile.com/entrees/recette-salade-tiede-saint-jacques-chou.php
161,https://cuisine-facile.com/entrees/recette-salade-peu-alsacienne.php
162,https://cuisine-facile.com/entrees/recette-salade-verte-avocat.php
163,https://cuisine-facile.com/entrees/recette-salade-verte-et-rouge-sardines-et-oeufs-mimosa.php
164,https://cuisine-facile.com/entrees/recette-salades-endives-noix.php
165,https://cuisine-facile.com/entrees/recette-sandwich-club-poulet.php
166,https://cuisine-facile.com/entrees/recette-simple-salade-de-champignons-thym-citron-en-3-facons.php
167,https://cuisine-facile.com/entrees/recette-soupe-loignon-gratinee.php
168,https://cuisine-facile.com/entrees/recette-soupe-loseille.php
169,https://cuisine-facile.com/entrees/recette-soupe-potiron-potimarron.php
170,https://cuisine-facile.com/entrees/recette-soupe-aux-epinards-frais.php
171,https://cuisine-facile.com/entrees/recette-soupe-chinoise.php
172,https://cuisine-facile.com/entrees/recette-soupe-cornouaillaise.php
173,https://cuisine-facile.com/entrees/recette-soupe-endives-biere.php
174,https://cuisine-facile.com/entrees/recette-soupe-celeri-moutarde.php
175,https://cuisine-facile.com/entrees/recette-soupe-legumes-moulinee.php
176,https://cuisine-facile.com/entrees/recette-soupe-minute-courgettes-mont-dor.php
177,https://cuisine-facile.com/entrees/recette-soupe-poireaux-pommes-terre.php
178,https://cuisine-facile.com/entrees/recette-soupe-poireaux-topinambours.php
179,https://cuisine-facile.com/entrees/recette-soupe-rustique-aux-poireaux-et-choux-de-bruxelles.php
180,https://cuisine-facile.com/entrees/recette-soupe-tres-verte-et-tres-peu-chere.php
181,https://cuisine-facile.com/entrees/recette-taboule.php
182,https://cuisine-facile.com/entrees/recette-taboule-choux-fleur.php
183,https://cuisine-facile.com/entrees/recette-taboule-libanais.php
184,https://cuisine-facile.com/entrees/recette-tartare-legumes.php
185,https://cuisine-facile.com/entrees/recette-tarte-tomates.php
186,https://cuisine-facile.com/entrees/recette-tarte-fine-a-lavocat.php
187,https://cuisine-facile.com/entrees/recette-tarte-fine-a-grecque.php
188,https://cuisine-facile.com/entrees/recette-tarte-fine-tomates-courgettes.php
189,https://cuisine-facile.com/entrees/recette-tarte-fine-courgettes-menthe.php
190,https://cuisine-facile.com/entrees/recette-tarte-fine-legumes-rosace.php
191,https://cuisine-facile.com/entrees/recette-tarte-fine-gelee-de-tomates-et-avocat.php
192,https://cuisine-facile.com/entrees/recette-tarte-sud-americaine.php
193,https://cuisine-facile.com/entrees/recette-tatin-tomates.php
194,https://cuisine-facile.com/entrees/recette-terrine-davocat-saumon-fume.php
195,https://cuisine-facile.com/entrees/recette-terrine-foie-gras.php
196,https://cuisine-facile.com/entrees/recette-terrine-tomates-fromages-frais.php
197,https://cuisine-facile.com/entrees/recette-toast-italien.php
198,https://cuisine-facile.com/entrees/recette-tomates-macedoine.php
199,https://cuisine-facile.com/entrees/recette-total-navet.php
200,https://cuisine-facile.com/entrees/recette-veloute-champignons.php
201,https://cuisine-facile.com/entrees/recette-veloute-potimarron-poireaux.php
202,https://cuisine-facile.com/entrees/recette-verre-4-etages.php
203,https://cuisine-facile.com/entrees/recette-verrine-croquante.php
204,https://cuisine-facile.com/entrees/recette-verrine-betteraves-fromage-frais.php
205,https://cuisine-facile.com/entrees/recette-vol-vent.php
206,https://cuisine-facile.com/poissons/recette-bouchees-filet-poisson-epinards.php
207,https://cuisine-facile.com/poissons/recette-bouchees-rouget-aux-graines-pavot.php
208,https://cuisine-facile.com/poissons/recette-ceviche-erika.php
209,https://cuisine-facile.com/poissons/recette-coques-et-chou-vert-a-creme-fumee.php
210,https://cuisine-facile.com/poissons/recette-coquilles-saint-jacques-gratinees.php
211,https://cuisine-facile.com/poissons/recette-croustade-coques-poulette.php
212,https://cuisine-facile.com/poissons/recette-croustade-langoustines-sabayon.php
213,https://cuisine-facile.com/poissons/recette-croustade-langoustines-poireaux.php
214,https://cuisine-facile.com/poissons/recette-croustades-de-moules-chti.php
215,https://cuisine-facile.com/poissons/recette-croustillants-crevettes.php
216,https://cuisine-facile.com/poissons/recette-cubes-thon-croustillants-curry.php
217,https://cuisine-facile.com/poissons/recette-curry-crevettes-express.php
218,https://cuisine-facile.com/poissons/recette-curry-de-moules-au-chou.php
219,https://cuisine-facile.com/poissons/recette-dos-cabillau-safran.php
220,https://cuisine-facile.com/poissons/recette-feuillantine-mer.php
221,https://cuisine-facile.com/poissons/recette-filet-de-bar-au-four-citron-et-estragon.php
222,https://cuisine-facile.com/poissons/recette-filet-de-bar-de-retour-des-indes.php
223,https://cuisine-facile.com/poissons/recette-filet-daurade-grillee-polenta.php
224,https://cuisine-facile.com/poissons/recette-filet-lieu-2-cuissons.php
225,https://cuisine-facile.com/poissons/recette-filet-lieu-gratin-legumes-riz.php
226,https://cuisine-facile.com/poissons/recette-pave-poisson-citron-confit.php
227,https://cuisine-facile.com/poissons/recette-filet-de-rougets-marinade-vite-faite.php
228,https://cuisine-facile.com/poissons/recette-filet-saumon-au-four.php
229,https://cuisine-facile.com/poissons/recette-filet-de-saumon-meuniere.php
230,https://cuisine-facile.com/poissons/recette-filets-maquereaux-vin-blanc.php
231,https://cuisine-facile.com/poissons/recette-filet-marines-soja.php
232,https://cuisine-facile.com/poissons/recette-filets-poisson-papillotes-express.php
233,https://cuisine-facile.com/poissons/recette-filets-de-poissons-grilles-chou-etuve-au-noilly.php
234,https://cuisine-facile.com/poissons/recette-filets-rougets-reduction-vin-blanc.php
235,https://cuisine-facile.com/poissons/recette-filets-sole-dieppoise.php
236,https://cuisine-facile.com/poissons/recette-filet-sole-meuniere.php
237,https://cuisine-facile.com/poissons/recette-gateau-crabe.php
238,https://cuisine-facile.com/poissons/recette-gratin-queues-langoustines.php
239,https://cuisine-facile.com/poissons/recette-gros-saumons-cretoise.php
240,https://cuisine-facile.com/poissons/recette-koulibiak-terrine.php
241,https://cuisine-facile.com/poissons/recette-langoustes-thermidor.php
242,https://cuisine-facile.com/poissons/recette-langoustines-bien-relevees.php
243,https://cuisine-facile.com/poissons/recette-marmite-normande.php
244,https://cuisine-facile.com/poissons/recette-moules-au-riz-noir.php
245,https://cuisine-facile.com/poissons/recette-moules-farcies-au-beurre-escargot.php
246,https://cuisine-facile.com/poissons/recette-moules-marinieres.php
247,https://cuisine-facile.com/poissons/recette-mousselines-poisson.php
248,https://cuisine-facile.com/poissons/recette-noix-de-saint-jacques-oseille-et-au-noilly.php
249,https://cuisine-facile.com/poissons/recette-noix-saint-jacques-julienne-choux.php
250,https://cuisine-facile.com/poissons/recette-st-jacques-legumes-croquants-sabayon-savagnin.php
251,https://cuisine-facile.com/poissons/recette-oeufs-brouilles-aux-langoustines-et-pointes-asperges.php
252,https://cuisine-facile.com/poissons/recette-papillotes-filets-bar-creme-coriandre.php
253,https://cuisine-facile.com/poissons/recette-pave-poisson-vapeur-romarin.php
254,https://cuisine-facile.com/poissons/recette-petales-poisson-julienne-legumes-beurre-blanc.php
255,https://cuisine-facile.com/poissons/recette-petite-blanquette-saumon.php
256,https://cuisine-facile.com/poissons/recette-petite-marmite-terre-et-mer.php
257,https://cuisine-facile.com/poissons/recette-mini-brochettes-terre-mer.php
258,https://cuisine-facile.com/poissons/recette-petits-morceaux-poissons-croustillants.php
259,https://cuisine-facile.com/poissons/recette-plancha-aux-epices.php
260,https://cuisine-facile.com/poissons/recette-poelee-saint-jacques-chanterelles-sauce-noilly.php
261,https://cuisine-facile.com/poissons/recette-poisson-a-la-bordelaise.php
262,https://cuisine-facile.com/poissons/recette-poisson-vin-blanc.php
263,https://cuisine-facile.com/poissons/recette-poisson-nicolas.php
264,https://cuisine-facile.com/poissons/recette-poisson-croute-cerales.php
265,https://cuisine-facile.com/poissons/recette-poisson-croute-sel.php
266,https://cuisine-facile.com/poissons/recette-poisson-croute-sesame.php
267,https://cuisine-facile.com/poissons/recette-poisson-tahitien.php
268,https://cuisine-facile.com/poissons/recette-pot-feu-poisson.php
269,https://cuisine-facile.com/poissons/recette-ragout-pecheur.php
270,https://cuisine-facile.com/poissons/recette-rillettes-de-maquereau.php
271,https://cuisine-facile.com/poissons/recette-rillettes-saumon.php
272,https://cuisine-facile.com/poissons/recette-riz-du-pecheur.php
273,https://cuisine-facile.com/poissons/recette-roules-poisson-jambon-fume.php
274,https://cuisine-facile.com/poissons/recette-saint-jacques-fondue-poireaux.php
275,https://cuisine-facile.com/poissons/recette-saint-jacques-pointes-dasperges-vertes-parmesan.php
276,https://cuisine-facile.com/poissons/recette-saumon-loseille.php
277,https://cuisine-facile.com/poissons/recette-saumon-papillote-petits-legumes.php
278,https://cuisine-facile.com/poissons/recette-saumon-gravlax.php
279,https://cuisine-facile.com/poissons/recette-saumon-grille-creme-mache.php
280,https://cuisine-facile.com/poissons/recette-saumon-marine-comme-hareng.php
281,https://cuisine-facile.com/poissons/recette-saumon-poele-choux-vert.php
282,https://cuisine-facile.com/poissons/recette-saumon-roule-feuilles-bettes.php
283,https://cuisine-facile.com/poissons/recette-spaghettis-moules-basilic.php
284,https://cuisine-facile.com/poissons/recette-tagliatelles-aux-coques.php
285,https://cuisine-facile.com/poissons/recette-terrinne-de-filets-de-poissons-epinards-et-tomates.php
286,https://cuisine-facile.com/poissons/recette-thon-grille-aux-2-citrons.php
287,https://cuisine-facile.com/poissons/recette-thon-marine-herbes.php
288,https://cuisine-facile.com/poissons/recette-thon-moelleux.php
289,https://cuisine-facile.com/poissons/recette-turban-sole-langoustines.php
290,https://cuisine-facile.com/viandes/recette-belle-piece-viande-confite-legumes-fondants-cocotte-lutee.php
291,https://cuisine-facile.com/viandes/recette-blancs-volaille-lestragon.php
292,https://cuisine-facile.com/viandes/recette-blanquette-veau.php
293,https://cuisine-facile.com/viandes/recette-boeuf-bourguignon.php
294,https://cuisine-facile.com/viandes/recette-boulettes-viandes-tomates.php
295,https://cuisine-facile.com/viandes/recette-carbonnade.php
296,https://cuisine-facile.com/viandes/recette-carottes-confites-lard.php
297,https://cuisine-facile.com/viandes/recette-chili-con-carne-express.php
298,https://cuisine-facile.com/viandes/recette-chips-morteau.php
299,https://cuisine-facile.com/viandes/recette-civet-lapin.php
300,https://cuisine-facile.com/viandes/recette-civet-lapin-normande.php
301,https://cuisine-facile.com/viandes/recette-coq-vin.php
302,https://cuisine-facile.com/viandes/recette-cote-veau-aux-petits-legumes.php
303,https://cuisine-facile.com/viandes/recette-cotelettes-de-porc-au-four.php
304,https://cuisine-facile.com/viandes/recette-cotelettes-porc-romarin.php
305,https://cuisine-facile.com/viandes/recette-cotelettes-porc-aux-2-choux.php
306,https://cuisine-facile.com/viandes/recette-deux-cochonailles-en-cuisson-lente.php
307,https://cuisine-facile.com/viandes/recette-emince-de-porc-facon-cajun.php
308,https://cuisine-facile.com/viandes/recette-emince-de-poulet-saute-aux-poireaux.php
309,https://cuisine-facile.com/viandes/recette-escalope-veau-creme.php
310,https://cuisine-facile.com/viandes/recette-escalope-viennoise.php
311,https://cuisine-facile.com/viandes/recette-escalopes-de-veau-panees-au-sesame.php
312,https://cuisine-facile.com/viandes/recette-filet-boeuf-croute-romarin.php
313,https://cuisine-facile.com/viandes/recette-filet-boeuf-wellington.php
314,https://cuisine-facile.com/viandes/recette-filet-mignon-croute-lard.php
315,https://cuisine-facile.com/viandes/recette-filet-mignon-sauce-moutarde-estragon.php
316,https://cuisine-facile.com/viandes/recette-filets-de-boeuf-marines-romarin-vin-rouge.php
317,https://cuisine-facile.com/viandes/recette-filets-poulet-panes-pomme-terre.php
318,https://cuisine-facile.com/viandes/recette-filet-poulet-retournes-mozzarella.php
319,https://cuisine-facile.com/viandes/recette-filets-mignons-herbes-julienne-legumes.php
320,https://cuisine-facile.com/viandes/recette-gigot-7-heures.php
321,https://cuisine-facile.com/viandes/recette-hamburger-chicano.php
322,https://cuisine-facile.com/viandes/recette-hamburgers.php
323,https://cuisine-facile.com/viandes/recette-involtinis.php
324,https://cuisine-facile.com/viandes/recette-lapin-moutarde.php
325,https://cuisine-facile.com/viandes/recette-les-rillettes.php
326,https://cuisine-facile.com/viandes/recette-medaillons-filet-mignon-mexicaine.php
327,https://cuisine-facile.com/viandes/recette-medaillons-filet-mignon-pleins-navets.php
328,https://cuisine-facile.com/viandes/recette-paleron-2-cuissons.php
329,https://cuisine-facile.com/viandes/recette-pate-campagne.php
330,https://cuisine-facile.com/viandes/recette-pate-croute.php
331,https://cuisine-facile.com/viandes/recette-petit-sale-aux-lentilles.php
332,https://cuisine-facile.com/viandes/recette-porc-effiloche.php
333,https://cuisine-facile.com/viandes/recette-poulet-lilloise.php
334,https://cuisine-facile.com/viandes/recette-poulet-africain.php
335,https://cuisine-facile.com/viandes/recette-poulet-curry-express.php
336,https://cuisine-facile.com/viandes/recette-poulet-peu-chinois.php
337,https://cuisine-facile.com/viandes/recette-rillons-tours.php
338,https://cuisine-facile.com/viandes/recette-roti-de-boeuf-comme-a-santa-fe.php
339,https://cuisine-facile.com/viandes/recette-roti-de-porc-au-sac-et-legumes-fondants.php
340,https://cuisine-facile.com/viandes/recette-roti-porc-sauge-cuit-sac.php
341,https://cuisine-facile.com/viandes/recette-roti-de-porc-aux-herbes.php
342,https://cuisine-facile.com/viandes/recette-saltimbocca.php
343,https://cuisine-facile.com/viandes/recette-saucisse-aux-lentilles-cocotte.php
344,https://cuisine-facile.com/viandes/recette-saucisse-morteau-gite.php
345,https://cuisine-facile.com/viandes/recette-saute-de-porc-cremeux-aux-champignons-de-paris.php
346,https://cuisine-facile.com/viandes/recette-saute-de-poulet-et-champignons-au-curcuma.php
347,https://cuisine-facile.com/viandes/recette-saute-veau-printannier.php
348,https://cuisine-facile.com/viandes/recette-steak-hache-oeuf-cheval.php
349,https://cuisine-facile.com/viandes/recette-terrine-lapin.php
350,https://cuisine-facile.com/viandes/recette-tournedos-rossini.php
351,https://cuisine-facile.com/viandes/recette-veau-marengo.php
352,https://cuisine-facile.com/viandes/recette-viande-braisee-vin-rouge-reduit.php
353,https://cuisine-facile.com/viandes/recette-volaille-au-foin.php
354,https://cuisine-facile.com/viandes/recette-volatile-cinq-heures.php
355,https://cuisine-facile.com/divers/recette-4-petits-choux-cremes.php
356,https://cuisine-facile.com/divers/recette-aligot.php
357,https://cuisine-facile.com/divers/recette-artichauts-cremeux.php
358,https://cuisine-facile.com/divers/recette-artichauts-violets-braises-vin-blanc.php
359,https://cuisine-facile.com/divers/recette-artichauts-violets-gratines-en-mornay.php
360,https://cuisine-facile.com/divers/recette-artichauts-boeuf.php
361,https://cuisine-facile.com/divers/recette-bagel-poulet-et-avocat.php
362,https://cuisine-facile.com/divers/recette-baguette-garnie.php
363,https://cuisine-facile.com/divers/recette-boite-chaude.php
364,https://cuisine-facile.com/divers/recette-brandade-morue.php
365,https://cuisine-facile.com/divers/recette-brick-champignons-poulet.php
366,https://cuisine-facile.com/divers/recette-brick-epinards-cajou.php
367,https://cuisine-facile.com/divers/recette-brick-pommes-terre-champignons.php
368,https://cuisine-facile.com/divers/recette-bricks-algerois.php
369,https://cuisine-facile.com/divers/recette-bricks-epinards.php
370,https://cuisine-facile.com/divers/recette-bricks-epinards-feta-gratin.php
371,https://cuisine-facile.com/divers/recette-brocolis-sautes-jambon.php
372,https://cuisine-facile.com/divers/recette-burger-tex-mex-poulet.php
373,https://cuisine-facile.com/divers/recette-cake-aux-epinards-comte.php
374,https://cuisine-facile.com/divers/recette-cake-poireaux-thon.php
375,https://cuisine-facile.com/divers/recette-camembert-noix-four.php
376,https://cuisine-facile.com/divers/recette-carottes-braisees-provencales.php
377,https://cuisine-facile.com/divers/recette-cassolettes-endives-creme.php
378,https://cuisine-facile.com/divers/recette-cassoulet.php
379,https://cuisine-facile.com/divers/recette-cassoulet-en-parmentier.php
380,https://cuisine-facile.com/divers/recette-celeri-grille-a-la-creme-moutardee.php
381,https://cuisine-facile.com/divers/recette-champignons-a-bourguignonne.php
382,https://cuisine-facile.com/divers/recette-champignons-a-grecque.php
383,https://cuisine-facile.com/divers/recette-champignons-farcis.php
384,https://cuisine-facile.com/divers/recette-champignons-gratines.php
385,https://cuisine-facile.com/divers/recette-champignons-laques-et-riz-blanc.php
386,https://cuisine-facile.com/divers/recette-chips.php
387,https://cuisine-facile.com/divers/recette-chou-fleur-gratine-aux-epices.php
388,https://cuisine-facile.com/divers/recette-chou-fleur-roti.php
389,https://cuisine-facile.com/divers/recette-chou-fleur-four.php
390,https://cuisine-facile.com/divers/recette-choucroute-mer.php
391,https://cuisine-facile.com/divers/recette-choucroute-express.php
392,https://cuisine-facile.com/divers/recette-choux-bruxelles-four.php
393,https://cuisine-facile.com/divers/recette-choux-de-bruxelles-rotis-sauge-citron.php
394,https://cuisine-facile.com/divers/recette-choux-farcis.php
395,https://cuisine-facile.com/divers/recette-choux-grilles-au-citron.php
396,https://cuisine-facile.com/divers/recette-clafoutis-legumes.php
397,https://cuisine-facile.com/divers/recette-club-sandwich-terre-et-mer.php
398,https://cuisine-facile.com/divers/recette-courgettes-garnies-express.php
399,https://cuisine-facile.com/divers/recette-couscous.php
400,https://cuisine-facile.com/divers/recette-creme-artichauts-comtoise.php
401,https://cuisine-facile.com/divers/recette-croque-monsieur-aux-epinards.php
402,https://cuisine-facile.com/divers/recette-croque-monsieur-complet.php
403,https://cuisine-facile.com/divers/recette-croque-monsieur-genois.php
404,https://cuisine-facile.com/divers/recette-croque-monsieur-gourmand.php
405,https://cuisine-facile.com/divers/recette-croustillants-saumon-fume-herbes.php
406,https://cuisine-facile.com/divers/recette-croute-champignons.php
407,https://cuisine-facile.com/divers/recette-crumble-comtois.php
408,https://cuisine-facile.com/divers/recette-curry-choux-fleur.php
409,https://cuisine-facile.com/divers/recette-curry-de-legumes-indiens.php
410,https://cuisine-facile.com/divers/recette-curry-coco-de-chou-fleur.php
411,https://cuisine-facile.com/divers/recette-duo-asperges-mignonettes.php
412,https://cuisine-facile.com/divers/recette-duo-de-choux-cremeux.php
413,https://cuisine-facile.com/divers/recette-emince-chou-fleur-trois-fromages.php
414,https://cuisine-facile.com/divers/recette-emince-poulet-champignons-brocolis.php
415,https://cuisine-facile.com/divers/recette-emince-de-volaille-aux-epinards-cremeux.php
416,https://cuisine-facile.com/divers/recette-endives-bonne-femme.php
417,https://cuisine-facile.com/divers/recette-endives-gratin.php
418,https://cuisine-facile.com/divers/recette-epinards-comme-angres.php
419,https://cuisine-facile.com/divers/recette-epinards-frais-creme.php
420,https://cuisine-facile.com/divers/recette-escargots-en-galette-briochee.php
421,https://cuisine-facile.com/divers/recette-feuillete-tomates-pesto.php
422,https://cuisine-facile.com/divers/recette-fin-gratin-poireaux-aux-oeufs-durs.php
423,https://cuisine-facile.com/divers/recette-fine-tarte-poireaux-artichauts-piemontaise.php
424,https://cuisine-facile.com/divers/recette-flamiche.php
425,https://cuisine-facile.com/divers/recette-flan-brocolis.php
426,https://cuisine-facile.com/divers/recette-fonds-artichauts-gratines.php
427,https://cuisine-facile.com/divers/recette-friands-jambon.php
428,https://cuisine-facile.com/divers/recette-frichti-de-poireaux-aux-oeufs-durs.php
429,https://cuisine-facile.com/divers/recette-frites-maison.php
430,https://cuisine-facile.com/divers/recette-galette-croustillante-poireaux-pommes-terre.php
431,https://cuisine-facile.com/divers/recette-galettes-aux-champignons.php
432,https://cuisine-facile.com/divers/recette-galettes-bretonnes.php
433,https://cuisine-facile.com/divers/recette-galettes-pommes-terre.php
434,https://cuisine-facile.com/divers/recette-galettes-gratinees-aux-champignons.php
435,https://cuisine-facile.com/divers/recette-galettes-saucisse.php
436,https://cuisine-facile.com/divers/recette-galettes-st-jacques-poireaux.php
437,https://cuisine-facile.com/divers/recette-gateau-de-pommes-de-terre.php
438,https://cuisine-facile.com/divers/recette-gateau-poulet.php
439,https://cuisine-facile.com/divers/recette-gaufre-pomme-terre-saumon-fume.php
440,https://cuisine-facile.com/divers/recette-gnocchi-a-la-romaine.php
441,https://cuisine-facile.com/divers/recette-gratin-litalienne.php
442,https://cuisine-facile.com/divers/recette-gratin-artichauts-violets.php
443,https://cuisine-facile.com/divers/recette-gratin-comtois.php
444,https://cuisine-facile.com/divers/recette-gratin-cremeux-epinards-et-pommes-de-terre.php
445,https://cuisine-facile.com/divers/recette-gratin-asperges-et-epinards.php
446,https://cuisine-facile.com/divers/recette-gratin-endives-cancoillotte.php
447,https://cuisine-facile.com/divers/recette-gratin-epinards-saumon.php
448,https://cuisine-facile.com/divers/recette-gratin-epinards-oeufs-durs.php
449,https://cuisine-facile.com/divers/recette-gratin-epinards-et-poulet-epice.php
450,https://cuisine-facile.com/divers/recette-gratin-epinards-mornay.php
451,https://cuisine-facile.com/divers/recette-gratin-dauphinois.php
452,https://cuisine-facile.com/divers/recette-gratin-de-bettes-et-pommes-de-terre.php
453,https://cuisine-facile.com/divers/recette-gratin-celeri-champignons.php
454,https://cuisine-facile.com/divers/recette-gratin-de-chou-fleur-a-la-moutarde.php
455,https://cuisine-facile.com/divers/recette-gratin-de-chou-fleur-au-parmesan.php
456,https://cuisine-facile.com/divers/recette-gratin-courgette.php
457,https://cuisine-facile.com/divers/recette-gratin-fin-ete.php
458,https://cuisine-facile.com/divers/recette-gratin-de-haricots-blancs-italienne.php
459,https://cuisine-facile.com/divers/recette-gratin-de-legumes-au-2-fromages.php
460,https://cuisine-facile.com/divers/recette-gratin-de-pates-a-la-mozzarella.php
461,https://cuisine-facile.com/divers/recette-gratin-pates-jambon.php
462,https://cuisine-facile.com/divers/recette-gratin-pommes-terre.php
463,https://cuisine-facile.com/divers/recette-gratin-de-pommes-de-terre-charcutier.php
464,https://cuisine-facile.com/divers/recette-gratin-pommes-terre-brocolis.php
465,https://cuisine-facile.com/divers/recette-gratin-potimarron.php
466,https://cuisine-facile.com/divers/recette-gratin-de-potimarron-pommes-de-terres-fumees.php
467,https://cuisine-facile.com/divers/recette-gratin-de-poulet-au-riz-et-champignons-sautes.php
468,https://cuisine-facile.com/divers/recette-gratin-du-nord.php
469,https://cuisine-facile.com/divers/recette-gratin-epice-de-courge-butternut.php
470,https://cuisine-facile.com/divers/recette-gratin-parmentier.php
471,https://cuisine-facile.com/divers/recette-gratins-endives-mont-or.php
472,https://cuisine-facile.com/divers/recette-grilled-cheese.php
473,https://cuisine-facile.com/divers/recette-grilled-cheese-avocat.php
474,https://cuisine-facile.com/divers/recette-grilled-cheese-oeuf-et-epinards.php
475,https://cuisine-facile.com/divers/recette-grosses-frites-couteau.php
476,https://cuisine-facile.com/divers/recette-hachis-parmentier.php
477,https://cuisine-facile.com/divers/recette-haricots-tomates.php
478,https://cuisine-facile.com/divers/recette-haricots-verts-napoleon.php
479,https://cuisine-facile.com/divers/recette-haricots-verts-tomate.php
480,https://cuisine-facile.com/divers/recette-julienne-choux-jambon.php
481,https://cuisine-facile.com/divers/recette-mini-fondue-de-mont-or-et-pommes-de-terre.php
482,https://cuisine-facile.com/divers/recette-moelleux-de-chou-fleur-en-ramequins.php
483,https://cuisine-facile.com/divers/recette-mont-d-or-chaud-aux-petits-legumes.php
484,https://cuisine-facile.com/divers/recette-moussaka.php
485,https://cuisine-facile.com/divers/recette-oeuf-plat-toast.php
486,https://cuisine-facile.com/divers/recette-oeufs-comtoise.php
487,https://cuisine-facile.com/divers/recette-oeufs-aux-shiitakes.php
488,https://cuisine-facile.com/divers/recette-oeufs-tomates.php
489,https://cuisine-facile.com/divers/recette-oeufs-brouilles-pain-toaste-epinards-frais.php
490,https://cuisine-facile.com/divers/recette-oeufs-coque-brioche.php
491,https://cuisine-facile.com/divers/recette-oeufs-coque-tomate.php
492,https://cuisine-facile.com/divers/recette-oeufs-meurette.php
493,https://cuisine-facile.com/divers/recette-oeufs-poches-aux-epinards-et-lait-de-comte.php
494,https://cuisine-facile.com/divers/recette-oeufs-rabattus-aux-poireaux.php
495,https://cuisine-facile.com/divers/recette-oeufs-tomates-courgettes.php
496,https://cuisine-facile.com/divers/recette-omelette-au-four.php
497,https://cuisine-facile.com/divers/recette-omelette-asperges-vertes.php
498,https://cuisine-facile.com/divers/recette-omelette-aux-epinards.php
499,https://cuisine-facile.com/divers/recette-omelette-tomates.php
500,https://cuisine-facile.com/divers/recette-omelette-cassee-champignons-artichauts.php
501,https://cuisine-facile.com/divers/recette-omelette-choux-lard.php
502,https://cuisine-facile.com/divers/recette-omelette-epinard-poulet-en-gratin.php
503,https://cuisine-facile.com/divers/recette-omelette-soufflee-fromage.php
504,https://cuisine-facile.com/divers/recette-pain-perdu-facon-cordon-bleu.php
505,https://cuisine-facile.com/divers/recette-pain-quiche.php
506,https://cuisine-facile.com/divers/recette-pannequets-riz-rouge.php
507,https://cuisine-facile.com/divers/recette-parmentier-lenvers.php
508,https://cuisine-facile.com/divers/recette-parmentier-bruxellois.php
509,https://cuisine-facile.com/divers/recette-parmentier-canard.php
510,https://cuisine-facile.com/divers/recette-parmentier-de-lieu-jaune.php
511,https://cuisine-facile.com/divers/recette-parmentier-queue-boeuf.php
512,https://cuisine-facile.com/divers/recette-pates-a-la-creme-moutardee.php
513,https://cuisine-facile.com/divers/recette-pates-new-yorkaise.php
514,https://cuisine-facile.com/divers/recette-pates-pesto-tomates-confites.php
515,https://cuisine-facile.com/divers/recette-pates-au-thon.php
516,https://cuisine-facile.com/divers/recette-pates-asperges-vertes.php
517,https://cuisine-facile.com/divers/recette-pates-aux-champignons.php
518,https://cuisine-facile.com/divers/recette-paysanne-legumes.php
519,https://cuisine-facile.com/divers/recette-penne-artichauts-violets.php
520,https://cuisine-facile.com/divers/recette-penne-aux-champignons.php
521,https://cuisine-facile.com/divers/recette-petite-ratatouille-loeuf-casse.php
522,https://cuisine-facile.com/divers/recette-petits-pois-francaise.php
523,https://cuisine-facile.com/divers/recette-pizza-feuilletee-express.php
524,https://cuisine-facile.com/divers/recette-poelee-champignons-oignons-nouveaux-jambon-cru.php
525,https://cuisine-facile.com/divers/recette-poelee-legumes-verts.php
526,https://cuisine-facile.com/divers/recette-poelee-de-pleurotes-sautees.php
527,https://cuisine-facile.com/divers/recette-poireaux-et-brocoli-a-flamande.php
528,https://cuisine-facile.com/divers/recette-poireaux-2-cuissons-sabayon-aux-morilles.php
529,https://cuisine-facile.com/divers/recette-pois-casses-a-la-francaise.php
530,https://cuisine-facile.com/divers/recette-polenta-au-mont-or.php
531,https://cuisine-facile.com/divers/recette-polenta-aux-epinards-oeuf-mollet.php
532,https://cuisine-facile.com/divers/recette-pommes-boulangeres.php
533,https://cuisine-facile.com/divers/recette-pommes-terre-four-beurre-creme-herbes.php
534,https://cuisine-facile.com/divers/recette-pommes-de-terre-four-oeuf-poche-sauce-thon.php
535,https://cuisine-facile.com/divers/recette-pommes-terre-saumon-fume.php
536,https://cuisine-facile.com/divers/recette-pommes-de-terre-bourguignonnes.php
537,https://cuisine-facile.com/divers/recette-pommes-terre-vengeurs.php
538,https://cuisine-facile.com/divers/recette-pommes-de-terre-en-croque-monsieur.php
539,https://cuisine-facile.com/divers/recette-pommes-de-terre-en-portefeuille.php
540,https://cuisine-facile.com/divers/recette-pommes-de-terre-lard-et-herbes.php
541,https://cuisine-facile.com/divers/recette-pommes-de-terre-roties-provencale.php
542,https://cuisine-facile.com/divers/recette-pommes-sarladaises.php
543,https://cuisine-facile.com/divers/recette-potage-lendemain-petit-sale.php
544,https://cuisine-facile.com/divers/recette-potatoes.php
545,https://cuisine-facile.com/divers/recette-potee-facon-ma-grand-mere-jeanne.php
546,https://cuisine-facile.com/divers/recette-potee-vigneronne.php
547,https://cuisine-facile.com/divers/recette-potimarron-aux-3-fromages-gratin.php
548,https://cuisine-facile.com/divers/recette-potimarron-braise-au-jus-de-viande.php
549,https://cuisine-facile.com/divers/recette-potimarrons-garnis-gratin.php
550,https://cuisine-facile.com/divers/recette-puree-de-chou-fleur-et-pois-chiche.php
551,https://cuisine-facile.com/divers/recette-puree-de-topinambours-au-poireau.php
552,https://cuisine-facile.com/divers/recette-puree-galloise.php
553,https://cuisine-facile.com/divers/recette-puree-gratinee-2-jambons.php
554,https://cuisine-facile.com/divers/recette-quiche-au-2-fromages.php
555,https://cuisine-facile.com/divers/recette-quiche-bretonne.php
556,https://cuisine-facile.com/divers/recette-quiche-lorraine.php
557,https://cuisine-facile.com/divers/recette-ratatarte.php
558,https://cuisine-facile.com/divers/recette-ratatouille.php
559,https://cuisine-facile.com/divers/recette-ratatouille-confite.php
560,https://cuisine-facile.com/divers/recette-ravioli-epinards-ricotta.php
561,https://cuisine-facile.com/divers/recette-rillettes-grillees.php
562,https://cuisine-facile.com/divers/recette-risotto-au-curcuma.php
563,https://cuisine-facile.com/divers/recette-risotto-aux-morilles-vin-jaune-mont-d-or.php
564,https://cuisine-facile.com/divers/recette-risotto-cremeux-legumes-graines-lin.php
565,https://cuisine-facile.com/divers/recette-risotto-cremeux-petits-legumes.php
566,https://cuisine-facile.com/divers/recette-risotto-de-celeri.php
567,https://cuisine-facile.com/divers/recette-rizotto-crevettes-curry.php
568,https://cuisine-facile.com/divers/recette-rissoles-gisele.php
569,https://cuisine-facile.com/divers/recette-riz-a-grecque.php
570,https://cuisine-facile.com/divers/recette-riz-au-sesame.php
571,https://cuisine-facile.com/divers/recette-riz-petits-pois.php
572,https://cuisine-facile.com/divers/recette-riz-cremeux-aux-asperges-vertes-et-oseille.php
573,https://cuisine-facile.com/divers/recette-riz-de-madras.php
574,https://cuisine-facile.com/divers/recette-riz-poule-aux-poireaux.php
575,https://cuisine-facile.com/divers/recette-riz-thai-petits-legumes.php
576,https://cuisine-facile.com/divers/recette-rostis.php
577,https://cuisine-facile.com/divers/recette-rougail-saucisses.php
578,https://cuisine-facile.com/divers/recette-rouleaux-croustillants-poulet-poireaux.php
579,https://cuisine-facile.com/divers/recette-rouleaux-croustillants-epinards.php
580,https://cuisine-facile.com/divers/recette-salade-tiede-automne.php
581,https://cuisine-facile.com/divers/recette-salade-tiede-chou-fleur-2-fromages.php
582,https://cuisine-facile.com/divers/recette-salade-tiede-poireaux-pommes-terre.php
583,https://cuisine-facile.com/divers/recette-sandwich-breton.php
584,https://cuisine-facile.com/divers/recette-sandwich-de-bistrot.php
585,https://cuisine-facile.com/divers/recette-sandwichs-club-crabe-saumon-fume.php
586,https://cuisine-facile.com/divers/recette-saucisse-de-morteau-briochee-roulee.php
587,https://cuisine-facile.com/divers/recette-saucisse-morteau-brioche.php
588,https://cuisine-facile.com/divers/recette-saucisse-pommes-duchesse-fondue-mont-dor.php
589,https://cuisine-facile.com/divers/recette-saucisse-puree-fumees.php
590,https://cuisine-facile.com/divers/recette-saucisses-aux-mogettes.php
591,https://cuisine-facile.com/divers/recette-saute-legumes-verts.php
592,https://cuisine-facile.com/divers/recette-souffle-fromage.php
593,https://cuisine-facile.com/divers/recette-spaghetti-champignons.php
594,https://cuisine-facile.com/divers/recette-spaghetti-bolognaise.php
595,https://cuisine-facile.com/divers/recette-spaghettis-carbonara.php
596,https://cuisine-facile.com/divers/recette-spaghettis-saumon-fume.php
597,https://cuisine-facile.com/divers/recette-tagliatelles-spaghettis-courgettes-facon-carbonara.php
598,https://cuisine-facile.com/divers/recette-tarte-fromage.php
599,https://cuisine-facile.com/divers/recette-tarte-maroilles.php
600,https://cuisine-facile.com/divers/recette-tarte-au-parmesan-et-potimarron.php
601,https://cuisine-facile.com/divers/recette-tarte-boulangere-poulet-pommes-de-terre.php
602,https://cuisine-facile.com/divers/recette-tarte-boulangere-thon-champignons.php
603,https://cuisine-facile.com/divers/recette-tarte-bretonne-champignons-et-poireaux.php
604,https://cuisine-facile.com/divers/recette-tarte-comtoise-pour-sean.php
605,https://cuisine-facile.com/divers/recette-tarte-filo-poireaux-fromage.php
606,https://cuisine-facile.com/divers/recette-tarte-fine-thon-nanou.php
607,https://cuisine-facile.com/divers/recette-tarte-fine-aux-champignons.php
608,https://cuisine-facile.com/divers/recette-tarte-fine-aux-echalotes-confites.php
609,https://cuisine-facile.com/divers/recette-tarte-fine-aux-endives.php
610,https://cuisine-facile.com/divers/recette-tarte-fine-aux-epinards-et-pommes-de-terrre.php
611,https://cuisine-facile.com/divers/recette-tarte-fine-tomates-cerises-pesto.php
612,https://cuisine-facile.com/divers/recette-tarte-fine-multi-tomates.php
613,https://cuisine-facile.com/divers/recette-tarte-fromagere-aux-tomates.php
614,https://cuisine-facile.com/divers/recette-tarte-pissaladiere-feuilletee.php
615,https://cuisine-facile.com/divers/recette-tarte-poireaux-mimolette.php
616,https://cuisine-facile.com/divers/recette-tarte-poireaux-thon-frais.php
617,https://cuisine-facile.com/divers/recette-tarte-saumon-et-fondue-de-poireaux.php
618,https://cuisine-facile.com/divers/recette-tartiflette.php
619,https://cuisine-facile.com/divers/recette-tartine-epinards-bechamel.php
620,https://cuisine-facile.com/divers/recette-tartine-poireaux-oeufs-brouilles.php
621,https://cuisine-facile.com/divers/recette-tartine-pecheur.php
622,https://cuisine-facile.com/divers/recette-tartine-gratinee-epinards.php
623,https://cuisine-facile.com/divers/recette-tartines-lEpoisse.php
624,https://cuisine-facile.com/divers/recette-tartines-au-haddock-fume-et-fondue-de-poireaux.php
625,https://cuisine-facile.com/divers/recette-tartines-auvergnates.php
626,https://cuisine-facile.com/divers/recette-tartines-aux-blancs-poireaux-oeuf-mollet.php
627,https://cuisine-facile.com/divers/recette-tartines-kerinou.php
628,https://cuisine-facile.com/divers/recette-tartines-montbenoit.php
629,https://cuisine-facile.com/divers/recette-tartines-de-montlebon.php
630,https://cuisine-facile.com/divers/recette-tartines-fraicheur.php
631,https://cuisine-facile.com/divers/recette-tartines-grillees-oignon-nouveau.php
632,https://cuisine-facile.com/divers/recette-tartines-grillees-poireaux-camembert.php
633,https://cuisine-facile.com/divers/recette-tartines-grillees-de-poulet-a-la-creme-de-sesame.php
634,https://cuisine-facile.com/divers/recette-tartines-mediteraneennes.php
635,https://cuisine-facile.com/divers/recette-tartines-norvegiennes.php
636,https://cuisine-facile.com/divers/recette-tartines-vigneronnes.php
637,https://cuisine-facile.com/divers/recette-tchaktchouka.php
638,https://cuisine-facile.com/divers/recette-tetes-de-champignons-aux-rillettes.php
639,https://cuisine-facile.com/divers/recette-tian-de-legumes.php
640,https://cuisine-facile.com/divers/recette-timbale-asperges-en-creme-carnee.php
641,https://cuisine-facile.com/divers/recette-tomates-a-la-provencale.php
642,https://cuisine-facile.com/divers/recette-tomates-courgettes-farcies.php
643,https://cuisine-facile.com/divers/recette-tomates-farcies-comtoise.php
644,https://cuisine-facile.com/entrees/recette-tourte-legumes.php
645,https://cuisine-facile.com/divers/recette-tourte-bretonne.php
646,https://cuisine-facile.com/divers/recette-tourte-champignons-poulet.php
647,https://cuisine-facile.com/divers/recette-tourte-poireaux-pommes-de-terre.php
648,https://cuisine-facile.com/divers/recette-tourte-rustique.php
649,https://cuisine-facile.com/divers/recette-truffade.php
650,https://cuisine-facile.com/divers/recette-truffade-originale.php
651,https://cuisine-facile.com/divers/recette-volaille-poireaux-tandoori.php
652,https://cuisine-facile.com/divers/recette-welsh.php
653,https://cuisine-facile.com/desserts/recette-amandier.php
654,https://cuisine-facile.com/desserts/recette-amandines-pommes-breles.php
655,https://cuisine-facile.com/desserts/recette-amaretti.php
656,https://cuisine-facile.com/desserts/recette-ananas-victoria-confit-miel-et-epices.php
657,https://cuisine-facile.com/desserts/recette-bananes-flambees-legeres.php
658,https://cuisine-facile.com/desserts/recette-barres-chocolatees-aux-cereales.php
659,https://cuisine-facile.com/desserts/recette-barres-moelleuses-cereales.php
660,https://cuisine-facile.com/desserts/recette-biscuit-moelleux-pommes-caramelisees.php
661,https://cuisine-facile.com/desserts/recette-biscuit-rose-reims.php
662,https://cuisine-facile.com/desserts/recette-biscuits-cuillere.php
663,https://cuisine-facile.com/desserts/recette-biscuits-chocolat-comme-bn.php
664,https://cuisine-facile.com/desserts/recette-biscuits-au-sesame.php
665,https://cuisine-facile.com/desserts/recette-blanc-manger-abricots.php
666,https://cuisine-facile.com/desserts/recette-boules-berlinoises.php
667,https://cuisine-facile.com/desserts/recette-brioche-nanterre.php
668,https://cuisine-facile.com/desserts/recette-brioche-doree-poire-kiwi.php
669,https://cuisine-facile.com/desserts/recette-brioche-kouing-aman.php
670,https://cuisine-facile.com/desserts/recette-brioche-tatin.php
671,https://cuisine-facile.com/desserts/recette-brunoise-fraises-sabayon-moelleux.php
672,https://cuisine-facile.com/desserts/recette-cake-au-chocolat.php
673,https://cuisine-facile.com/desserts/recette-cake-chataignes.php
674,https://cuisine-facile.com/desserts/recette-cake-citron-graines-de-pavot.php
675,https://cuisine-facile.com/desserts/recette-cake-moelleux-au-chocolat.php
676,https://cuisine-facile.com/desserts/recette-cake-nature.php
677,https://cuisine-facile.com/desserts/recette-cake-noisettes-et-orange.php
678,https://cuisine-facile.com/desserts/recette-cake-pistache.php
679,https://cuisine-facile.com/desserts/recette-calissons.php
680,https://cuisine-facile.com/desserts/recette-canneles.php
681,https://cuisine-facile.com/desserts/recette-charlotte-fraises.php
682,https://cuisine-facile.com/desserts/recette-charlotte-poires.php
683,https://cuisine-facile.com/desserts/recette-charlotte-briochee-pommes.php
684,https://cuisine-facile.com/desserts/recette-charlotte-comtoise-aux-pommes.php
685,https://cuisine-facile.com/desserts/recette-chaud-froid-pamplemousse-ananas-creme-citron-vert.php
686,https://cuisine-facile.com/desserts/recette-chaussons-brioches-pommes-cassis.php
687,https://cuisine-facile.com/desserts/recette-chinois.php
688,https://cuisine-facile.com/desserts/recette-chips-de-pommes.php
689,https://cuisine-facile.com/desserts/recette-chocolat-viennois.php
690,https://cuisine-facile.com/desserts/recette-chouquettes.php
691,https://cuisine-facile.com/desserts/recette-cigarettes-russes.php
692,https://cuisine-facile.com/desserts/recette-clafoutis-marie-antoinette.php
693,https://cuisine-facile.com/desserts/recette-clafoutis-cerises.php
694,https://cuisine-facile.com/desserts/recette-clafoutis-cremeux-aux-prunes-et-poires.php
695,https://cuisine-facile.com/desserts/recette-cochelin-evreux.php
696,https://cuisine-facile.com/desserts/recette-coings-confits-au-macvin.php
697,https://cuisine-facile.com/desserts/recette-colombier-de-la-pentecote.php
698,https://cuisine-facile.com/desserts/recette-comme-bounty.php
699,https://cuisine-facile.com/desserts/recette-comme-nems-bretons.php
700,https://cuisine-facile.com/desserts/recette-confiture-abricots-vanillee.php
701,https://cuisine-facile.com/desserts/recette-confiture-oranges.php
702,https://cuisine-facile.com/desserts/recette-confiture-gelee-de-prunes.php
703,https://cuisine-facile.com/desserts/recette-cookies-moelleux-aux-pommes.php
704,https://cuisine-facile.com/desserts/recette-coupe-augustin.php
705,https://cuisine-facile.com/desserts/recette-coupe-fraises-menthe-chantilly.php
706,https://cuisine-facile.com/desserts/recette-coupe-glacee-peches-et-cassis.php
707,https://cuisine-facile.com/desserts/recette-creme-chocolat.php
708,https://cuisine-facile.com/desserts/recette-creme-chocolat-qui-croustille-mousse-lirish-coffee.php
709,https://cuisine-facile.com/desserts/recette-creme-brulee.php
710,https://cuisine-facile.com/desserts/recette-creme-caramel.php
711,https://cuisine-facile.com/desserts/recette-creme-coco-vanille-pour-elsa.php
712,https://cuisine-facile.com/desserts/recette-creme-fouettee-labricot.php
713,https://cuisine-facile.com/desserts/recette-cremes-brulees-vanille-chocolat.php
714,https://cuisine-facile.com/desserts/recette-cremeux-au-citron.php
715,https://cuisine-facile.com/desserts/recette-crepes-suzette.php
716,https://cuisine-facile.com/desserts/recette-croute-the.php
717,https://cuisine-facile.com/desserts/recette-croute-a-the-coco.php
718,https://cuisine-facile.com/desserts/recette-crumble-fruits.php
719,https://cuisine-facile.com/desserts/recette-crumble-aux-pommes-tyrolienne.php
720,https://cuisine-facile.com/desserts/recette-crumble-canadien-aux-pommes.php
721,https://cuisine-facile.com/desserts/recette-crumble-automne-pommes-et-prunes.php
722,https://cuisine-facile.com/desserts/recette-crumble-fraise-rhubarbe.php
723,https://cuisine-facile.com/desserts/recette-crumble-prunes-noisette.php
724,https://cuisine-facile.com/desserts/recette-cupcakes-darizona.php
725,https://cuisine-facile.com/desserts/recette-douillons-yvetot.php
726,https://cuisine-facile.com/desserts/recette-eclairs-chocolat.php
727,https://cuisine-facile.com/desserts/recette-ecorces-pamplemousse-confites.php
728,https://cuisine-facile.com/desserts/recette-eton-mess.php
729,https://cuisine-facile.com/desserts/recette-far-pruneaux.php
730,https://cuisine-facile.com/desserts/recette-feuillantines-pommes-tiedes.php
731,https://cuisine-facile.com/desserts/recette-feuillete-aux-fraises.php
732,https://cuisine-facile.com/desserts/recette-feuillete-aux-fraises-express.php
733,https://cuisine-facile.com/desserts/recette-feuillete-verveine-peches.php
734,https://cuisine-facile.com/desserts/recette-financier-comme-un-clafoutis-aux-prunes.php
735,https://cuisine-facile.com/desserts/recette-financiers.php
736,https://cuisine-facile.com/desserts/recette-financiers-pistache.php
737,https://cuisine-facile.com/desserts/recette-financiers-flocons-avoine.php
738,https://cuisine-facile.com/desserts/recette-fines-tuiles-chocolat-fruits-secs-torrefies.php
739,https://cuisine-facile.com/desserts/recette-fins-chaussons-pommes-amandes.php
740,https://cuisine-facile.com/desserts/recette-flan-a-la-pomme.php
741,https://cuisine-facile.com/desserts/recette-flan-aux-2-citrons.php
742,https://cuisine-facile.com/desserts/recette-flan-aux-poires-caramelisees.php
743,https://cuisine-facile.com/desserts/recette-flan-croustillant-pistache-amandes-abricots.php
744,https://cuisine-facile.com/desserts/recette-flan-patissier.php
745,https://cuisine-facile.com/desserts/recette-flan-parisien-au-chocolat.php
746,https://cuisine-facile.com/desserts/recette-flan-patissier-pistache.php
747,https://cuisine-facile.com/desserts/recette-flognarde.php
748,https://cuisine-facile.com/desserts/recette-fondants-au-chocolat-et-noisettes.php
749,https://cuisine-facile.com/desserts/recette-fraises-a-la-reduction-de-vin-rouge-thym-et-citron.php
750,https://cuisine-facile.com/desserts/recette-fraisier.php
751,https://cuisine-facile.com/desserts/recette-framboisier.php
752,https://cuisine-facile.com/desserts/recette-fromage-blanc-glace-aux-fraises.php
753,https://cuisine-facile.com/desserts/recette-fruits-frais-sabayon.php
754,https://cuisine-facile.com/desserts/recette-galette-agenaise.php
755,https://cuisine-facile.com/desserts/recette-galette-briochee.php
756,https://cuisine-facile.com/desserts/recette-galette-charentaise.php
757,https://cuisine-facile.com/desserts/recette-galette-comtoise-elsa.php
758,https://cuisine-facile.com/desserts/recette-galette-rois-creme-damandes.php
759,https://cuisine-facile.com/desserts/recette-galette-rois-pommes-caramelisees.php
760,https://cuisine-facile.com/desserts/recette-galette-rois-sicilienne.php
761,https://cuisine-facile.com/desserts/recette-garnitures-pour-macarons.php
762,https://cuisine-facile.com/desserts/recette-gateau-chocolat-nanou.php
763,https://cuisine-facile.com/desserts/recette-gateau-amandes-torrefiees.php
764,https://cuisine-facile.com/desserts/recette-gateau-aux-flocons-avoine.php
765,https://cuisine-facile.com/desserts/recette-gateau-aux-noix-flocons-avoine.php
766,https://cuisine-facile.com/desserts/recette-gateau-aux-noix-et-pommes-caramelisees.php
767,https://cuisine-facile.com/desserts/recette-gateau-aux-poires-a-dijonnaise.php
768,https://cuisine-facile.com/desserts/recette-gateau-basque.php
769,https://cuisine-facile.com/desserts/recette-gateau-breton.php
770,https://cuisine-facile.com/desserts/recette-gateau-famille.php
771,https://cuisine-facile.com/desserts/recette-gateau-foret-noire.php
772,https://cuisine-facile.com/desserts/recette-gateau-menage.php
773,https://cuisine-facile.com/desserts/recette-gateau-de-nanou-aux-pommes-et-aux-amandes.php
774,https://cuisine-facile.com/desserts/recette-gateau-riz-caramel.php
775,https://cuisine-facile.com/desserts/recette-gateau-saint-jacques.php
776,https://cuisine-facile.com/desserts/recette-gateau-de-semoule-caramel-et-raisins.php
777,https://cuisine-facile.com/desserts/recette-gateau-des-iles.php
778,https://cuisine-facile.com/desserts/recette-gateau-moelleux-citron.php
779,https://cuisine-facile.com/desserts/recette-gateau-nantais.php
780,https://cuisine-facile.com/desserts/recette-gateau-renverse-aux-pommes-caramelisees.php
781,https://cuisine-facile.com/desserts/recette-gateaux-fondants-creme-marrons.php
782,https://cuisine-facile.com/desserts/recette-gaufres-liegeoises.php
783,https://cuisine-facile.com/desserts/recette-gelee-de-cassis.php
784,https://cuisine-facile.com/desserts/recette-gelee-mures-express.php
785,https://cuisine-facile.com/desserts/recette-gelee-de-pommes-tombees.php
786,https://cuisine-facile.com/desserts/recette-glace-menthe-fraiche.php
787,https://cuisine-facile.com/desserts/recette-glace-pistache.php
788,https://cuisine-facile.com/desserts/recette-glace-vanille.php
789,https://cuisine-facile.com/desserts/recette-granola.php
790,https://cuisine-facile.com/desserts/recette-gratin-pommes-fruits-aux-amandes.php
791,https://cuisine-facile.com/desserts/recette-gratin-de-pommes-macaronnees.php
792,https://cuisine-facile.com/desserts/recette-kouing-aman.php
793,https://cuisine-facile.com/desserts/recette-linzer-torte.php
794,https://cuisine-facile.com/desserts/recette-macarons.php
795,https://cuisine-facile.com/desserts/recette-macarons-amiens.php
796,https://cuisine-facile.com/desserts/recette-madeleines-pistache.php
797,https://cuisine-facile.com/desserts/recette-madeleines-chocolat.php
798,https://cuisine-facile.com/desserts/recette-melon-glace-porto.php
799,https://cuisine-facile.com/desserts/recette-melon-menthe.php
800,https://cuisine-facile.com/desserts/recette-mendiants.php
801,https://cuisine-facile.com/desserts/recette-meringues.php
802,https://cuisine-facile.com/desserts/recette-mi-cuit-chocolat-coulis-framboises.php
803,https://cuisine-facile.com/desserts/recette-mille-feuilles.php
804,https://cuisine-facile.com/desserts/recette-mini-mille-feuilles-au-citron.php
805,https://cuisine-facile.com/desserts/recette-mini-palmiers.php
806,https://cuisine-facile.com/desserts/recette-minis-amandines-griottines.php
807,https://cuisine-facile.com/desserts/recette-mirlitons.php
808,https://cuisine-facile.com/desserts/recette-moelleux-au-pamplemousse.php
809,https://cuisine-facile.com/desserts/recette-moelleux-aux-marrons.php
810,https://cuisine-facile.com/desserts/recette-mousse-a-la-rhubarbe.php
811,https://cuisine-facile.com/desserts/recette-mousse-chocolat.php
812,https://cuisine-facile.com/desserts/recette-mousse-au-chocolat-aux-noisettes.php
813,https://cuisine-facile.com/desserts/recette-mousse-de-fraises-au-mascarpone.php
814,https://cuisine-facile.com/desserts/recette-mousse-de-marron-au-siphon.php
815,https://cuisine-facile.com/desserts/recette-muffins-amandes-cassis.php
816,https://cuisine-facile.com/desserts/recette-muffins-chocolat.php
817,https://cuisine-facile.com/desserts/recette-muffins-framboises.php
818,https://cuisine-facile.com/desserts/recette-mug-cake-chocolat.php
819,https://cuisine-facile.com/desserts/recette-mug-cake-amandes.php
820,https://cuisine-facile.com/desserts/recette-nonnettes.php
821,https://cuisine-facile.com/desserts/recette-nougat.php
822,https://cuisine-facile.com/desserts/recette-nougat-glace.php
823,https://cuisine-facile.com/desserts/recette-nouveau-tiramisu.php
824,https://cuisine-facile.com/desserts/recette-omelette-norvegienne.php
825,https://cuisine-facile.com/desserts/recette-pain-depice.php
826,https://cuisine-facile.com/desserts/recette-pain-perdu.php
827,https://cuisine-facile.com/desserts/recette-pains-lait.php
828,https://cuisine-facile.com/desserts/recette-panna-cotta-cassis-croustillant-crumble.php
829,https://cuisine-facile.com/desserts/recette-panna-cotta-pistache-vanille.php
830,https://cuisine-facile.com/desserts/recette-panna-cotta-prunes-et-amandes.php
831,https://cuisine-facile.com/desserts/recette-paris-brest.php
832,https://cuisine-facile.com/desserts/recette-pate-de-coings.php
833,https://cuisine-facile.com/desserts/recette-pate-fruits-passion.php
834,https://cuisine-facile.com/desserts/recette-pate-de-pommes.php
835,https://cuisine-facile.com/desserts/recette-peche-melba.php
836,https://cuisine-facile.com/desserts/recette-peches-blanches-en-mojito.php
837,https://cuisine-facile.com/desserts/recette-petites-charlottes-cerises-griottines.php
838,https://cuisine-facile.com/desserts/recette-petites-verrines-vanille-clementine-marron.php
839,https://cuisine-facile.com/desserts/recette-petits-sables-noel.php
840,https://cuisine-facile.com/desserts/recette-petits-biscuits-fourres-chocolat-et-noisettes.php
841,https://cuisine-facile.com/desserts/recette-petits-cakes-aux-2-citrons.php
842,https://cuisine-facile.com/desserts/recette-petits-choux-mont-blanc.php
843,https://cuisine-facile.com/desserts/recette-petits-flans-aux-pommes-caramelisees.php
844,https://cuisine-facile.com/desserts/recette-petits-flans-poires-et-chocolat.php
845,https://cuisine-facile.com/desserts/recette-petits-gratins-aux-pommes.php
846,https://cuisine-facile.com/desserts/recette-petits-fours-poche.php
847,https://cuisine-facile.com/desserts/recette-pets-nonnes.php
848,https://cuisine-facile.com/desserts/recette-pithiviers-fondant.php
849,https://cuisine-facile.com/desserts/recette-poelee-petits-fruits-sabayon-gratine.php
850,https://cuisine-facile.com/desserts/recette-poires-cassis-vin-rouge.php
851,https://cuisine-facile.com/desserts/recette-poire-belle-helene.php
852,https://cuisine-facile.com/desserts/recette-poires-sautees-vanille-orange.php
853,https://cuisine-facile.com/desserts/recette-pommes-four-st-aubin-vertueux.php
854,https://cuisine-facile.com/desserts/recette-pommes-flambees-normandes.php
855,https://cuisine-facile.com/desserts/recette-pommes-tatin-creme-mascarpone.php
856,https://cuisine-facile.com/desserts/recette-profiteroles.php
857,https://cuisine-facile.com/desserts/recette-pruneaux-deguises.php
858,https://cuisine-facile.com/desserts/recette-puits-amour.php
859,https://cuisine-facile.com/desserts/recette-riz-lait.php
860,https://cuisine-facile.com/desserts/recette-riz-au-lait-au-chocolat.php
861,https://cuisine-facile.com/desserts/recette-riz-lait-aux-pommes-fruits-secs.php
862,https://cuisine-facile.com/desserts/recette-riz-au-lait-canadien.php
863,https://cuisine-facile.com/desserts/recette-riz-au-lait-chantilly.php
864,https://cuisine-facile.com/desserts/recette-riz-au-lait-et-pommes-caramel.php
865,https://cuisine-facile.com/desserts/recette-rochers-aux-amandes.php
866,https://cuisine-facile.com/desserts/recette-rochers-coco.php
867,https://cuisine-facile.com/desserts/recette-rochers-piemontais.php
868,https://cuisine-facile.com/desserts/recette-rochers-pralines.php
869,https://cuisine-facile.com/desserts/recette-rouleaux-feuilletes-fruits-secs.php
870,https://cuisine-facile.com/desserts/recette-sables-farine-sarrasin.php
871,https://cuisine-facile.com/desserts/recette-sables-farine-torrefiee.php
872,https://cuisine-facile.com/desserts/recette-sables-amandes-chocolat.php
873,https://cuisine-facile.com/desserts/recette-sables-arlesiens.php
874,https://cuisine-facile.com/desserts/recette-sables-flocons-davoine.php
875,https://cuisine-facile.com/desserts/recette-sables-noix.php
876,https://cuisine-facile.com/desserts/recette-sables-chataigne.php
877,https://cuisine-facile.com/desserts/recette-sables-chocolat-matcha.php
878,https://cuisine-facile.com/desserts/recette-sables-mamie-solange.php
879,https://cuisine-facile.com/desserts/recette-sables-diamants.php
880,https://cuisine-facile.com/desserts/recette-sables-damier.php
881,https://cuisine-facile.com/desserts/recette-sables-noisette-et-chocolat.php
882,https://cuisine-facile.com/desserts/recette-sables-pistache.php
883,https://cuisine-facile.com/desserts/recette-sables-noir-chocolat-blanc.php
884,https://cuisine-facile.com/desserts/recette-saint-honore.php
885,https://cuisine-facile.com/desserts/recette-salade-4-poires-vanillees.php
886,https://cuisine-facile.com/desserts/recette-salade-fruits.php
887,https://cuisine-facile.com/desserts/recette-salade-peches-menthe.php
888,https://cuisine-facile.com/desserts/recette-salade-peches-cassis.php
889,https://cuisine-facile.com/desserts/recette-salade-fraises-et-kiwi.php
890,https://cuisine-facile.com/desserts/recette-samoussas-poires-noix-caramelisees.php
891,https://cuisine-facile.com/desserts/recette-semelle-pommes.php
892,https://cuisine-facile.com/desserts/recette-sorbet-poires.php
893,https://cuisine-facile.com/desserts/recette-sorbet-cassis-pour-edith.php
894,https://cuisine-facile.com/desserts/recette-sorebet-clementines.php
895,https://cuisine-facile.com/desserts/recette-sorbet-fraise.php
896,https://cuisine-facile.com/desserts/recette-sorbet-fraises-menthe.php
897,https://cuisine-facile.com/desserts/recette-sorbet-framboises.php
898,https://cuisine-facile.com/desserts/recette-strudel-aux-pommes.php
899,https://cuisine-facile.com/desserts/recette-succes-praline.php
900,https://cuisine-facile.com/desserts/recette-tarte-en-passant-par-la-lorraine.php
901,https://cuisine-facile.com/desserts/recette-tarte-tres-simple-sirop-erable.php
902,https://cuisine-facile.com/desserts/recette-tarte-coloche.php
903,https://cuisine-facile.com/desserts/recette-tarte-rhubarbe.php
904,https://cuisine-facile.com/desserts/recette-tarte-alsacienne.php
905,https://cuisine-facile.com/desserts/recette-tarte-astucieuse-aux-prunes.php
906,https://cuisine-facile.com/desserts/recette-tarte-au-citron.php
907,https://cuisine-facile.com/desserts/recette-tarte-citron-meringuee.php
908,https://cuisine-facile.com/desserts/recette-tarte-abricots-amandes.php
909,https://cuisine-facile.com/desserts/recette-tarte-aux-agrumes.php
910,https://cuisine-facile.com/desserts/recette-tarte-fraises.php
911,https://cuisine-facile.com/desserts/recette-tarte-aux-framboises.php
912,https://cuisine-facile.com/desserts/recette-tarte-fruits-exotiques.php
913,https://cuisine-facile.com/desserts/recette-tarte-aux-peches-the-vert.php
914,https://cuisine-facile.com/desserts/recette-tarte-poires-creme-damandes.php
915,https://cuisine-facile.com/desserts/recette-tarte-aux-pommes-bonnevaux.php
916,https://cuisine-facile.com/desserts/recette-tarte-pommes-express.php
917,https://cuisine-facile.com/desserts/recette-tarte-prunes.php
918,https://cuisine-facile.com/desserts/recette-tarte-bicolore-chocolat-orange.php
919,https://cuisine-facile.com/desserts/recette-bountarte.php
920,https://cuisine-facile.com/desserts/recette-tarte-bourdaloue.php
921,https://cuisine-facile.com/desserts/recette-tarte-bretonne-fraises-et-verveine.php
922,https://cuisine-facile.com/desserts/recette-tarte-bretonne-pommes-rhubarbe.php
923,https://cuisine-facile.com/desserts/recette-tarte-citron-et-pommes-rapees.php
924,https://cuisine-facile.com/desserts/recette-tarte-diplomate-et-pommes-tatin.php
925,https://cuisine-facile.com/desserts/recette-tarte-fondante-chocolat.php
926,https://cuisine-facile.com/desserts/recette-tarte-fondante-mures-amandes.php
927,https://cuisine-facile.com/desserts/recette-tarte-fraise-verveine.php
928,https://cuisine-facile.com/desserts/recette-tarte-jurassienne.php
929,https://cuisine-facile.com/desserts/recette-tarte-meringuee-au-citron-vert.php
930,https://cuisine-facile.com/desserts/recette-tarte-meringuee-poires-citron-vert.php
931,https://cuisine-facile.com/desserts/recette-tarte-normande.php
932,https://cuisine-facile.com/desserts/recette-tarte-poires-et-chocolat-note-de-menthe.php
933,https://cuisine-facile.com/desserts/recette-tarte-poire-pamplemousse-pistache.php
934,https://cuisine-facile.com/desserts/recette-tarte-pommes-poires.php
935,https://cuisine-facile.com/desserts/recette-tarte-tatin.php
936,https://cuisine-facile.com/desserts/recette-tarte-tropezienne.php
937,https://cuisine-facile.com/desserts/recette-tartelettes-annas-victoria-et-citron-vert.php
938,https://cuisine-facile.com/desserts/recette-tartelettes-citron-vert.php
939,https://cuisine-facile.com/desserts/recette-tartelettes-corses.php
940,https://cuisine-facile.com/desserts/recette-tartelettes-double-framboise.php
941,https://cuisine-facile.com/desserts/recette-tartelettes-fines-aux-peches-caramelisees.php
942,https://cuisine-facile.com/desserts/recette-tartelette-pistache-griottines.php
943,https://cuisine-facile.com/desserts/recette-tartelettes-poire-verveine.php
944,https://cuisine-facile.com/desserts/recette-tartelettes-pommes-et-verveine.php
945,https://cuisine-facile.com/desserts/recette-tartelettes-pommes-cassis.php
946,https://cuisine-facile.com/desserts/recette-tartelettes-sablees-au-cassis-et-peches-de-vigne.php
947,https://cuisine-facile.com/desserts/recette-tartes-aux-amandes-effilees.php
948,https://cuisine-facile.com/desserts/recette-terrine-totale-pommes.php
949,https://cuisine-facile.com/desserts/recette-tiramisu.php
950,https://cuisine-facile.com/desserts/recette-tiramisu-pistache.php
951,https://cuisine-facile.com/desserts/recette-tourte-aux-pommes.php
952,https://cuisine-facile.com/desserts/recette-tranches-brioche-creme-damandes.php
953,https://cuisine-facile.com/desserts/recette-truffes-chocolat.php
954,https://cuisine-facile.com/desserts/recette-tuiles-amandes.php
955,https://cuisine-facile.com/desserts/recette-tuiles-coco.php
956,https://cuisine-facile.com/desserts/recette-vacherin-glace.php
957,https://cuisine-facile.com/desserts/recette-valay-brest.php
958,https://cuisine-facile.com/desserts/recette-verre-europeen.php
959,https://cuisine-facile.com/desserts/recette-verre-facon-belle-helene.php
960,https://cuisine-facile.com/desserts/recette-verrine-cassis-et-marrons.php
961,https://cuisine-facile.com/desserts/recette-verrine-cassis-vanille-citron-vert.php
962,https://cuisine-facile.com/desserts/recette-verrines-tarte-citron-meringuee.php
963,https://cuisine-facile.com/desserts/recette-verrine-fraises-kiwis-creme-mascarpone.php
964,https://cuisine-facile.com/four/recette-benoiton.php
965,https://cuisine-facile.com/four/recette-bretzels.php
966,https://cuisine-facile.com/four/recette-brioche-lancienne.php
967,https://cuisine-facile.com/four/recette-brioche-feuilletee.php
968,https://cuisine-facile.com/four/recette-brioche-feuilletee-chocolat.php
969,https://cuisine-facile.com/four/recette-brioche-feuilletee-brownie.php
970,https://cuisine-facile.com/four/recette-brioche-roulee-chataigne-pommes.php
971,https://cuisine-facile.com/four/recette-brioche-royale.php
972,https://cuisine-facile.com/four/recette-buns-a-la-moutarde.php
973,https://cuisine-facile.com/divers/recette-chaussons-bucheron.php
974,https://cuisine-facile.com/four/recette-ciabatta.php
975,https://cuisine-facile.com/four/recette-ciabatta-2-olives.php
976,https://cuisine-facile.com/four/recette-cramique.php
977,https://cuisine-facile.com/four/recette-ficelles-comtoises.php
978,https://cuisine-facile.com/four/recette-foccacia-tomates.php
979,https://cuisine-facile.com/four/recette-fougasse-lardons-comte.php
980,https://cuisine-facile.com/four/recette-galette-de-fougerolles.php
981,https://cuisine-facile.com/four/recette-grissinis-cereales.php
982,https://cuisine-facile.com/four/recette-kugelhof-pour-nanou.php
983,https://cuisine-facile.com/four/recette-les-baguettes.php
984,https://cuisine-facile.com/four/recette-levain-naturel.php
985,https://cuisine-facile.com/four/recette-lingot-brioche-aux-fruits.php
986,https://cuisine-facile.com/four/recette-mouna.php
987,https://cuisine-facile.com/four/recette-nouveau-pain-levain.php
988,https://cuisine-facile.com/four/recette-pain-levain.php
989,https://cuisine-facile.com/four/recette-pain-aux-graines.php
990,https://cuisine-facile.com/four/recette-pain-aux-olives-pesto.php
991,https://cuisine-facile.com/four/recette-pain-courant-francais.php
992,https://cuisine-facile.com/four/recette-pain-cretois.php
993,https://cuisine-facile.com/four/recette-pain-ali-baba-au-sesame.php
994,https://cuisine-facile.com/four/recette-pain-locean.php
995,https://cuisine-facile.com/four/recette-pain-mais-pour-anne.php
996,https://cuisine-facile.com/four/recette-pain-mie.php
997,https://cuisine-facile.com/four/recette-pain-de-mie-psychedelique.php
998,https://cuisine-facile.com/four/recette-pain-de-roscoff.php
999,https://cuisine-facile.com/four/recette-pain-filles.php
1000,https://cuisine-facile.com/four/recette-pain-du-jura.php
1001,https://cuisine-facile.com/four/recette-pain-printemps.php
1002,https://cuisine-facile.com/four/recette-pain-gourmand-comte-noix.php
1003,https://cuisine-facile.com/four/recette-pain-gourmand-di-parma.php
1004,https://cuisine-facile.com/four/recette-pain-pita.php
1005,https://cuisine-facile.com/four/recette-pain-surprise.php
1006,https://cuisine-facile.com/four/recette-pain-surprise-comtois.php
1007,https://cuisine-facile.com/four/recette-pain-trempette-fromage.php
1008,https://cuisine-facile.com/four/recette-pains-cacahuete.php
1009,https://cuisine-facile.com/four/recette-pain-raisins.php
1010,https://cuisine-facile.com/four/recette-pains-pistache-aux-baies-de-goji.php
1011,https://cuisine-facile.com/four/recette-pains-pour-hamburger-buns.php
1012,https://cuisine-facile.com/four/recette-panettone.php
1013,https://cuisine-facile.com/four/recette-pate-pizzas.php
1014,https://cuisine-facile.com/four/recette-petites-brioches-pistache-abricot.php
1015,https://cuisine-facile.com/four/recette-petits-bouchons.php
1016,https://cuisine-facile.com/four/recette-petits-pain-charcutiers.php
1017,https://cuisine-facile.com/four/recette-petits-pains-chocolat.php
1018,https://cuisine-facile.com/four/recette-pains-speciaux.php
1019,https://cuisine-facile.com/four/recette-pizza-du-boulanger.php
1020,https://cuisine-facile.com/four/recette-pogne-de-romans.php
1021,https://cuisine-facile.com/four/recette-sauce-tomates-pour-pizza.php
1022,https://cuisine-facile.com/four/recette-saucipain.php
1023,https://cuisine-facile.com/four/recette-torsade-poitevine.php
1024,https://cuisine-facile.com/four/recette-tourton-nantais.php
1025,https://cuisine-facile.com/boissons/recette-chocolat-chaud.php
1026,https://cuisine-facile.com/boissons/recette-cocktails.php
1027,https://cuisine-facile.com/boissons/recette-creme-cassis.php
1028,https://cuisine-facile.com/boissons/recette-jus-de-pommes-aux-epices.php
1029,https://cuisine-facile.com/boissons/recette-vin-chaud-comme-belle-plagne.php
1030,https://cuisine-facile.com/enfants/recette-cookies.php
1031,https://cuisine-facile.com/enfants/recette-creme-maizena-au-chocolat.php
1032,https://cuisine-facile.com/enfants/recette-quatre-quarts.php
1033,https://cuisine-facile.com/enfants/recette-quatre-quarts-ajouter-fruits-pate.php
1034,https://cuisine-facile.com/enfants/recette-rillettes-thon-doriane.php
1035,https://cuisine-facile.com/enfants/recette-tomates-coccinelle.php
1036,https://cuisine-facile.com/enfants/recette-x-files-cookies.php
1037,https://cuisine-facile.com/base/recette-abricots-secs.php
1038,https://cuisine-facile.com/base/recette-amandes-effilees-grillees.php
1039,https://cuisine-facile.com/base/recette-appareil-a-cake.php
1040,https://cuisine-facile.com/base/recette-appareil-a-flan.php
1041,https://cuisine-facile.com/base/recette-appareil-a-quiche.php
1042,https://cuisine-facile.com/base/recette-appareil-pour-macaronade.php
1043,https://cuisine-facile.com/base/recette-beurre-clarifie.php
1044,https://cuisine-facile.com/base/recette-beurre-escargot.php
1045,https://cuisine-facile.com/base/recette-biscuit-aux-amandes.php
1046,https://cuisine-facile.com/base/recette-biscuit-savoie.php
1047,https://cuisine-facile.com/base/recette-bouillon-legumes.php
1048,https://cuisine-facile.com/base/recette-boulettes-viandes.php
1049,https://cuisine-facile.com/base/recette-bouquet-garni.php
1050,https://cuisine-facile.com/base/recette-chair-a-saucisse.php
1051,https://cuisine-facile.com/base/recette-chapelure-maison.php
1052,https://cuisine-facile.com/base/recette-chiffonnade-salade.php
1053,https://cuisine-facile.com/base/recette-chocolat-chantilly.php
1054,https://cuisine-facile.com/base/recette-clarification-de-fraises.php
1055,https://cuisine-facile.com/base/recette-comment-faire-fonds-vol-au-vent.php
1056,https://cuisine-facile.com/base/recette-comment-reussir-son-sabayon.php
1057,https://cuisine-facile.com/base/recette-compote-coings-pommes.php
1058,https://cuisine-facile.com/base/recette-compote-dabricots.php
1059,https://cuisine-facile.com/base/recette-compote-de-coings.php
1060,https://cuisine-facile.com/base/recette-compote-poire.php
1061,https://cuisine-facile.com/base/recette-compote-pommes.php
1062,https://cuisine-facile.com/base/recette-compote-prunes.php
1063,https://cuisine-facile.com/base/recette-compote-rhubarbe.php
1064,https://cuisine-facile.com/base/recette-cornichons-vinaigre.php
1065,https://cuisine-facile.com/base/recette-coulis-cassis.php
1066,https://cuisine-facile.com/base/recette-coulis-fruits-frais.php
1067,https://cuisine-facile.com/base/recette-craquelin.php
1068,https://cuisine-facile.com/base/recette-creme-anglaise.php
1069,https://cuisine-facile.com/base/recette-creme-anglaise-au-cafe.php
1070,https://cuisine-facile.com/base/recette-creme-beurre.php
1071,https://cuisine-facile.com/base/recette-cremes-chantilly.php
1072,https://cuisine-facile.com/base/recette-creme-chantilly-a-clementine.php
1073,https://cuisine-facile.com/base/recette-creme-damandes-frangipane.php
1074,https://cuisine-facile.com/base/recette-creme-de-noisette.php
1075,https://cuisine-facile.com/base/recette-creme-pistache.php
1076,https://cuisine-facile.com/base/recette-creme-diplomate.php
1077,https://cuisine-facile.com/base/recette-creme-diplomate-a-clementine.php
1078,https://cuisine-facile.com/base/recette-creme-patissiere.php
1079,https://cuisine-facile.com/base/recette-creme-patissiere-a-clementine.php
1080,https://cuisine-facile.com/base/recette-creme-patissiere-a-la-pistache.php
1081,https://cuisine-facile.com/base/recette-creme-patissiere-pomme.php
1082,https://cuisine-facile.com/base/recette-creme-patissiere-citron.php
1083,https://cuisine-facile.com/base/recette-creme-patissiere-au-citron-vert.php
1084,https://cuisine-facile.com/base/recette-cremeux-au-citron-vert.php
1085,https://cuisine-facile.com/base/recette-cremeux-aux-fruits.php
1086,https://cuisine-facile.com/base/recette-croustillant-dagrumes.php
1087,https://cuisine-facile.com/base/recette-duxelle-de-champignons.php
1088,https://cuisine-facile.com/base/recette-feta-lhuile-olive-aux-herbes.php
1089,https://cuisine-facile.com/base/recette-foie-gras-chantilly.php
1090,https://cuisine-facile.com/base/recette-fondue-oignons.php
1091,https://cuisine-facile.com/base/recette-fondue-de-poireaux.php
1092,https://cuisine-facile.com/base/recette-galette-sarrasin.php
1093,https://cuisine-facile.com/base/recette-ganache-chocolat.php
1094,https://cuisine-facile.com/base/recette-genoise.php
1095,https://cuisine-facile.com/base/recette-glace-royale.php
1096,https://cuisine-facile.com/base/recette-huile-dolive-herbes.php
1097,https://cuisine-facile.com/base/recette-huile-pimentee.php
1098,https://cuisine-facile.com/base/recette-lemon-curd.php
1099,https://cuisine-facile.com/base/recette-macedoine-legumes.php
1100,https://cuisine-facile.com/base/recette-mayonnaise.php
1101,https://cuisine-facile.com/base/recette-mayonnaise-citron.php
1102,https://cuisine-facile.com/base/recette-meringue-italienne.php
1103,https://cuisine-facile.com/base/recette-meringue-suisse.php
1104,https://cuisine-facile.com/base/recette-noix-caramelisees.php
1105,https://cuisine-facile.com/base/recette-nougatine.php
1106,https://cuisine-facile.com/base/recette-oeufs-brouilles.php
1107,https://cuisine-facile.com/base/recette-oeufs-poches.php
1108,https://cuisine-facile.com/base/recette-panna-cotta.php
1109,https://cuisine-facile.com/base/recette-pate-a-biscuit-moelleux.php
1110,https://cuisine-facile.com/base/recette-pate-brioche.php
1111,https://cuisine-facile.com/base/recette-pate-choux.php
1112,https://cuisine-facile.com/base/recette-pate-crepes.php
1113,https://cuisine-facile.com/base/recette-pate-dacquoise.php
1114,https://cuisine-facile.com/base/recette-pate-muffins.php
1115,https://cuisine-facile.com/base/recette-pate-a-sables-bretons.php
1116,https://cuisine-facile.com/base/recette-pate-brisee.php
1117,https://cuisine-facile.com/base/recette-pate-amandes-armagnac.php
1118,https://cuisine-facile.com/base/recette-pate-noix.php
1119,https://cuisine-facile.com/base/recette-pate-noix-coco.php
1120,https://cuisine-facile.com/base/recette-pate-feuilletee.php
1121,https://cuisine-facile.com/base/recette-pate-levee-feuilletee-pate-a-croissants.php
1122,https://cuisine-facile.com/base/recette-pate-poudre-pistache.php
1123,https://cuisine-facile.com/base/recette-pate-pour-financiers.php
1124,https://cuisine-facile.com/base/recette-pate-pour-pates-fraiches.php
1125,https://cuisine-facile.com/base/recette-pate-sablee.php
1126,https://cuisine-facile.com/base/recette-pate-sablee-au-chocolat.php
1127,https://cuisine-facile.com/base/recette-pate-sablee-coco.php
1128,https://cuisine-facile.com/base/recette-pate-sucree.php
1129,https://cuisine-facile.com/base/recette-pesto-aux-pistaches-et-epinards.php
1130,https://cuisine-facile.com/base/recette-pesto-coriandre-cajou.php
1131,https://cuisine-facile.com/base/recette-pesto-de-fanes-de-carottes.php
1132,https://cuisine-facile.com/base/recette-polenta.php
1133,https://cuisine-facile.com/base/recette-pommes-terre-grillees.php
1134,https://cuisine-facile.com/base/recette-pralin.php
1135,https://cuisine-facile.com/base/recette-puree-de-haricots-verts.php
1136,https://cuisine-facile.com/base/recette-puree-pommes-terre.php
1137,https://cuisine-facile.com/base/recette-puree-potimarron.php
1138,https://cuisine-facile.com/base/recette-riz-pilaf.php
1139,https://cuisine-facile.com/base/recette-salade-dherbe.php
1140,https://cuisine-facile.com/base/recette-sauce-chocolat.php
1141,https://cuisine-facile.com/base/recette-sauce-roquefort.php
1142,https://cuisine-facile.com/base/recette-sauce-bearnaise.php
1143,https://cuisine-facile.com/base/recette-sauce-bechamel.php
1144,https://cuisine-facile.com/base/recette-sauce-beurre-blanc.php
1145,https://cuisine-facile.com/base/recette-sauce-cocktail.php
1146,https://cuisine-facile.com/base/recette-sauce-creme-au-vin-jaune.php
1147,https://cuisine-facile.com/base/recette-sauce-gribouille.php
1148,https://cuisine-facile.com/base/recette-sauce-hollandaise.php
1149,https://cuisine-facile.com/base/recette-sauce-legere-aux-herbes.php
1150,https://cuisine-facile.com/base/recette-sauce-marchand-vin.php
1151,https://cuisine-facile.com/base/recette-sauce-normande-pour-poisson.php
1152,https://cuisine-facile.com/base/recette-sauce-pesto.php
1153,https://cuisine-facile.com/base/recette-sauce-pesto-tomate.php
1154,https://cuisine-facile.com/base/recette-sauce-remoulade.php
1155,https://cuisine-facile.com/base/recette-sauce-remoulette.php
1156,https://cuisine-facile.com/base/recette-sauce-verte-persil.php
1157,https://cuisine-facile.com/base/recette-sauce-verte-persil-sesame.php
1158,https://cuisine-facile.com/base/recette-sauce-vinaigrette.php
1159,https://cuisine-facile.com/base/recette-sirop-pocher.php
1160,https://cuisine-facile.com/base/recette-sirop-aux-agrumes.php
1161,https://cuisine-facile.com/base/recette-sirop-sucre.php
1162,https://cuisine-facile.com/base/recette-sucre-vanille.php
1163,https://cuisine-facile.com/base/recette-tapenade.php
1164,https://cuisine-facile.com/four/recette-tomates-confites.php
1165,https://cuisine-facile.com/base/recette-variante-rouge.php
1166,https://cuisine-facile.com/trucs_astuces/recette-comment-avoir-tarte-bien-brillante.php
1167,https://cuisine-facile.com/trucs_astuces/recette-comment-avoir-viande-tendre-apres-cuisson.php
1168,https://cuisine-facile.com/trucs_astuces/recette-comment-battre-blancs-neige.php
1169,https://cuisine-facile.com/trucs_astuces/recette-comment-beurrer-facilement-plat-moule.php
1170,https://cuisine-facile.com/trucs_astuces/recette-comment-bien-choisir-avocat.php
1171,https://cuisine-facile.com/trucs_astuces/recette-comment-bien-cuire-oeufs-durs.php
1172,https://cuisine-facile.com/trucs_astuces/recette-comment-bien-cuire-oeufs-sur-plat.php
1173,https://cuisine-facile.com/trucs_astuces/recette-comment-bien-cuire-saucisse-morteau.php
1174,https://cuisine-facile.com/trucs_astuces/recette-comment-bien-cuire-les-pates.php
1175,https://cuisine-facile.com/trucs_astuces/recette-comment-bien-cuire-viande-rouge.php
1176,https://cuisine-facile.com/trucs_astuces/recette-comment-bien-faire-cuire-feuilletage.php
1177,https://cuisine-facile.com/trucs_astuces/recette-comment-bien-garnir-un-moule-a-tarte.php
1178,https://cuisine-facile.com/trucs_astuces/recette-comment-bien-griller-saumon.php
1179,https://cuisine-facile.com/trucs_astuces/recette-comment-bien-repartir-preparation.php
1180,https://cuisine-facile.com/trucs_astuces/recette-comment-bien-utiliser-gousse-vanille.php
1181,https://cuisine-facile.com/trucs_astuces/recette-comment-bien-utiliser-poche-douille.php
1182,https://cuisine-facile.com/trucs_astuces/recette-comment-casser-tablette-chocolat-petits-morceaux.php
1183,https://cuisine-facile.com/trucs_astuces/recette-comment-chauffer-assiettes.php
1184,https://cuisine-facile.com/trucs_astuces/recette-comment-congeler-des-prunes.php
1185,https://cuisine-facile.com/trucs_astuces/recette-comment-cuire-grenaille-pommes-terre.php
1186,https://cuisine-facile.com/trucs_astuces/recette-comment-cuire-lardons-sans-quils-amenent-trop-gras.php
1187,https://cuisine-facile.com/trucs_astuces/recette-comment-cuire-riz-rice-cooker.php
1188,https://cuisine-facile.com/trucs_astuces/recette-comment-cuire-fond-tarte-seul.php
1189,https://cuisine-facile.com/trucs_astuces/recette-comment-cuire-viande-cuisson-lente.php
1190,https://cuisine-facile.com/trucs_astuces/recette-comment-degraisser-jus-viande.php
1191,https://cuisine-facile.com/trucs_astuces/recette-comment-empecher-fruits-legumes-epluches-noircir.php
1192,https://cuisine-facile.com/trucs_astuces/recette-comment-empecher-beurre-bruler-cuisson.php
1193,https://cuisine-facile.com/trucs_astuces/recette-comment-empecher-feuille-glisser-sur-plaque.php
1194,https://cuisine-facile.com/trucs_astuces/recette-comment-eplucher-des-tomates-a-la-flamme.php
1195,https://cuisine-facile.com/trucs_astuces/recette-comment-eplucher-facilement-les-gousses-dail.php
1196,https://cuisine-facile.com/trucs_astuces/recette-comment-etaler-pate-tarte.php
1197,https://cuisine-facile.com/trucs_astuces/recette-comment-extraire-jus-fruits-passion.php
1198,https://cuisine-facile.com/trucs_astuces/recette-comment-chauffer-lait-sans-faire-attacher-casserole.php
1199,https://cuisine-facile.com/trucs_astuces/recette-comment-faire-fleur-sel.php
1200,https://cuisine-facile.com/trucs_astuces/recette-comment-faire-decors-pate-damandes.php
1201,https://cuisine-facile.com/trucs_astuces/recette-comment-faire-des-fonds-de-tartelettes.php
1202,https://cuisine-facile.com/trucs_astuces/recette-comment-faire-ravioli.php
1203,https://cuisine-facile.com/trucs_astuces/recette-comment-garder-tarte-croustillante.php
1204,https://cuisine-facile.com/trucs_astuces/recette-comment-incorporer-blancs-oeufs-battus-preparation.php
1205,https://cuisine-facile.com/trucs_astuces/recette-comment-limiter-mauvaise-haleine-consommation-ail.php
1206,https://cuisine-facile.com/trucs_astuces/recette-comment-luter-cocotte-terrine.php
1207,https://cuisine-facile.com/trucs_astuces/recette-comment-peler-vif-ananas.php
1208,https://cuisine-facile.com/trucs_astuces/recette-comment-peler-vif-fruit.php
1209,https://cuisine-facile.com/trucs_astuces/recette-comment-eplucher-pocher-peches.php
1210,https://cuisine-facile.com/trucs_astuces/recette-comment-preparer-loseille.php
1211,https://cuisine-facile.com/trucs_astuces/recette-comment-preparer-mache.php
1212,https://cuisine-facile.com/trucs_astuces/recette-comment-preparer-rhubarbe.php
1213,https://cuisine-facile.com/trucs_astuces/recette-preparer-artichaut-violets.php
1214,https://cuisine-facile.com/trucs_astuces/recette-comment-preparer-asperges.php
1215,https://cuisine-facile.com/trucs_astuces/recette-comment-preparer-brocolis.php
1216,https://cuisine-facile.com/trucs_astuces/recette-comment-preparer-carottes.php
1217,https://cuisine-facile.com/trucs_astuces/recette-comment-preparer-des-choux-de-bruxelles.php
1218,https://cuisine-facile.com/trucs_astuces/recette-comment-preparer-concombres.php
1219,https://cuisine-facile.com/trucs_astuces/recette-comment-preparer-copeaux-chocolat.php
1220,https://cuisine-facile.com/trucs_astuces/recette-comment-preparer-coques.php
1221,https://cuisine-facile.com/trucs_astuces/recette-comment-preparer-courgettes.php
1222,https://cuisine-facile.com/trucs_astuces/recette-comment-preparer-endives.php
1223,https://cuisine-facile.com/trucs_astuces/recette-comment-preparer-epinards.php
1224,https://cuisine-facile.com/trucs_astuces/recette-comment-bien-nettoyer-poireaux.php
1225,https://cuisine-facile.com/trucs_astuces/recette-comment-eplucher-tomates.php
1226,https://cuisine-facile.com/trucs_astuces/recette-comment-preparer-chou.php
1227,https://cuisine-facile.com/trucs_astuces/recette-comment-preparer-choux-romanesco.php
1228,https://cuisine-facile.com/trucs_astuces/recette-comment-preparer-chou-fleur.php
1229,https://cuisine-facile.com/trucs_astuces/recette-comment-eplucher-avocat.php
1230,https://cuisine-facile.com/trucs_astuces/recette-comment-preparer-bain-marie.php
1231,https://cuisine-facile.com/trucs_astuces/recette-comment-preparer-un-celeri-rave.php
1232,https://cuisine-facile.com/trucs_astuces/recette-comment-preparer-un-oignon-nouveau.php
1233,https://cuisine-facile.com/trucs_astuces/recette-comment-preparer-oignon-echalote.php
1234,https://cuisine-facile.com/trucs_astuces/recette-comment-preparer-potiron-potimarron.php
1235,https://cuisine-facile.com/trucs_astuces/recette-comment-preparer-salade.php
1236,https://cuisine-facile.com/trucs_astuces/recette-comment-rehydrater-champignons.php
1237,https://cuisine-facile.com/trucs_astuces/recette-comment-saupoudrer-quelque-chose.php
1238,https://cuisine-facile.com/trucs_astuces/recette-comment-savoir-si-gateau-est-bien-cuit.php
1239,https://cuisine-facile.com/trucs_astuces/recette-comment-utiliser-gelatine.php
1240,https://cuisine-facile.com/trucs_astuces/recette-faut-pas-ajouter-raisins-secs-tel-quels.php
1241,https://cuisine-facile.com/trucs_astuces/recette-faut-pas-ajouter-tel-que-cube-bouillon.php
1242,https://cuisine-facile.com/trucs_astuces/recette-faut-pas-faire-tremper-les-fraises-dans-leau.php
1243,https://cuisine-facile.com/trucs_astuces/recette-faut-pas-fouetter-pleine-vitesse-jaunes-doeufs.php
1244,https://cuisine-facile.com/trucs_astuces/recette-faut-pas-jeter-les-noyaux-dabricots.php
1245,https://cuisine-facile.com/trucs_astuces/recette-faut-pas-laisser-jaunes-doeufs-contact-sucre.php
1246,https://cuisine-facile.com/trucs_astuces/recette-faut-pas-mettre-barquette-alu-direct-dans-four.php
1247,https://cuisine-facile.com/trucs_astuces/recette-faut-pas-pousser-avec-fil-dun-couteau.php
1248,https://cuisine-facile.com/trucs_astuces/recette-la-cuisson-sucre.php
1249,https://cuisine-facile.com/monde/recette-beignets-epinards.php
1250,https://cuisine-facile.com/monde/recette-brownie.php
1251,https://cuisine-facile.com/monde/recette-ceviche-mexicain.php
1252,https://cuisine-facile.com/monde/recette-chorba.php
1253,https://cuisine-facile.com/monde/recette-colcannon.php
1254,https://cuisine-facile.com/monde/recette-coleslaw.php
1255,https://cuisine-facile.com/monde/recette-cranachan.php
1256,https://cuisine-facile.com/monde/recette-crevettes-vietnamiennes.php
1257,https://cuisine-facile.com/monde/recette-doughnuts.php
1258,https://cuisine-facile.com/monde/recette-enchiladas.php
1259,https://cuisine-facile.com/monde/recette-hash-brown-casserole.php
1260,https://cuisine-facile.com/monde/recette-kebab-maison.php
1261,https://cuisine-facile.com/monde/recette-key-lime-pie-pour-jeremy.php
1262,https://cuisine-facile.com/monde/recette-lasagnes-bolognaises.php
1263,https://cuisine-facile.com/monde/recette-marmite-de-taos.php
1264,https://cuisine-facile.com/monde/recette-minestrone.php
1265,https://cuisine-facile.com/monde/recette-naans.php
1266,https://cuisine-facile.com/monde/recette-nachos.php
1267,https://cuisine-facile.com/monde/recette-nems-poulet.php
1268,https://cuisine-facile.com/monde/recette-paella.php
1269,https://cuisine-facile.com/monde/recette-pan-con-tomate.php
1270,https://cuisine-facile.com/monde/recette-papadums.php
1271,https://cuisine-facile.com/monde/recette-pavlova.php
1272,https://cuisine-facile.com/monde/recette-petits-biscuits-citron.php
1273,https://cuisine-facile.com/monde/recette-pommes-terres-crevettes.php
1274,https://cuisine-facile.com/monde/recette-poulet-thai-aux-noix-cajou.php
1275,https://cuisine-facile.com/monde/recette-risotto-petit-pois-mantecare.php
1276,https://cuisine-facile.com/monde/recette-riz-italienne.php
1277,https://cuisine-facile.com/monde/recette-salade-ceasar.php
1278,https://cuisine-facile.com/monde/recette-sauce-tomate-pimentee.php
1279,https://cuisine-facile.com/monde/recette-saute-porc-aux-cacahouetes.php
1280,https://cuisine-facile.com/monde/recette-scones-dublin-raisins-secs.php
1281,https://cuisine-facile.com/monde/recette-sushis.php
1282,https://cuisine-facile.com/monde/recette-tortilla-pommes-terre.php
1283,https://cuisine-facile.com/monde/recette-tortillas-au-potimarron-et-haricots-rouges.php
1284,https://cuisine-facile.com/monde/recette-tzatziki.php
1285,https://cuisine-facile.com/legendes/recette-il-faut-couvrir-casserole-deau-qui-chauffe.php
1286,https://cuisine-facile.com/legendes/recette-la-cuisson-pommes-terre-dans-leau.php
1287,https://cuisine-facile.com/legendes/recette-le-mode-cuisson-plus-rapide.php
1288,https://cuisine-facile.com/legendes/recette-le-noyau-davocat-empeche-noircir.php
1289,https://cuisine-facile.com/legendes/recette-quand-faut-il-saler-leau-cuisson.php
